Mar 10 21:08:52 mypc dockerd[353200]: time="2026-03-10T21:08:52.163550737+08:00" level=info msg="exit-del moby/0e0173c7c18e74ace2918a302b42ea081495d638637f7a1150f8aad53c19d086.379411.137 error=<nil>"
Mar 10 21:08:52 mypc dockerd[353192]: time="2026-03-10T21:08:52.164025821+08:00" level=info msg=event ExitStatus=137 ExitedAt="2026-03-10 13:08:52.109226123 +0000 UTC" Pid=379411 ProcessID=0e0173c7c18e74ace2918a302b42ea081495d638637f7a1150f8aad53c19d086 containerID=0e0173c7c18e74ace2918a302b42ea081495d638637f7a1150f8aad53c19d086 module=libcontainerd namespace=moby topic=/tasks/exit
Mar 10 21:08:52 mypc dockerd[353192]: time="2026-03-10T21:08:52.164120120+08:00" level=info msg="handle container 0e0173c7c18e74ace2918a302b42ea081495d638637f7a1150f8aad53c19d086 exit event pid=379411"
Mar 10 21:08:52 mypc dockerd[353200]: time="2026-03-10T21:08:52.276412028+08:00" level=info msg="shim reaped" id=0e0173c7c18e74ace2918a302b42ea081495d638637f7a1150f8aad53c19d086
Mar 10 21:08:52 mypc dockerd[353192]: time="2026-03-10T21:08:52.287619781+08:00" level=info msg=event ExitStatus=137 ExitedAt="2026-03-10 13:08:52.109226123 +0000 UTC" Pid=379411 containerID=0e0173c7c18e74ace2918a302b42ea081495d638637f7a1150f8aad53c19d086 module=libcontainerd namespace=moby topic=/tasks/delete
Mar 10 21:08:52 mypc dockerd[353192]: time="2026-03-10T21:08:52.603596070+08:00" level=info msg="handled exit event processID=0e0173c7c18e74ace2918a302b42ea081495d638637f7a1150f8aad53c19d086 containerID=0e0173c7c18e74ace2918a302b42ea081495d638637f7a1150f8aad53c19d086 pid=379411" module=libcontainerd namespace=moby
Mar 10 21:08:54 mypc dockerd[353192]: time="2026-03-10T21:08:54.125650400+08:00" level=info msg="received image create request, name:kindest/node:v1.30.0 repo:"
Mar 10 21:08:59 mypc dockerd[353192]: time="2026-03-10T21:08:59.376018204+08:00" level=info msg="image create request process success, name:kindest/node:v1.30.0 repo:"
Mar 10 21:09:01 mypc dockerd[353192]: time="2026-03-10T21:09:01.559334783+08:00" level=info msg="Container create done(Name: /escape-lab-control-plane ID: c11c47ad9f6f9bb80eb7a8fdb8a949fe6b5c56cbea96bb677f7a6e121bb6877e)"
Mar 10 21:09:01 mypc dockerd[353200]: time="2026-03-10T21:09:01.764020195+08:00" level=warning msg="runtime v1 is deprecated since containerd v1.4, consider using runtime v2"
Mar 10 21:09:01 mypc dockerd[353200]: time="2026-03-10T21:09:01.776447205+08:00" level=info msg="shim containerd-shim started" address="unix:///run/containerd/s/1b1bad744a8767f06ac98ffa0960f05384ec649e08816fa6a28a2d1b6894a333" debug=false pid=395280
Mar 10 21:09:01 mypc docker-runc[395287]: {"level":"info","msg":"run hooks 0:/proc/353192/exe,libnetwork-setkey,c11c47ad9f6f9bb80eb7a8fdb8a949fe6b5c56cbea96bb677f7a6e121bb6877e,b2bbe590c722ccafb43a199b72da71492f57cac0f17c81ed36761855a6088210, ContainerId: c11c47ad9f6f9bb80eb7a8fdb8a949fe6b5c56cbea96bb677f7a6e121bb6877e","time":"2026-03-10T21:09:01+08:00"}
Mar 10 21:09:02 mypc docker-runc[395287]: {"level":"info","msg":"hook spends time 403.628169ms, ContainerID: c11c47ad9f6f9bb80eb7a8fdb8a949fe6b5c56cbea96bb677f7a6e121bb6877e","time":"2026-03-10T21:09:02+08:00"}
Mar 10 21:09:02 mypc docker-runc[395287]: {"level":"info","msg":"hooks 0:/proc/353192/exe,libnetwork-setkey,c11c47ad9f6f9bb80eb7a8fdb8a949fe6b5c56cbea96bb677f7a6e121bb6877e,b2bbe590c722ccafb43a199b72da71492f57cac0f17c81ed36761855a6088210 done, ContainerId: c11c47ad9f6f9bb80eb7a8fdb8a949fe6b5c56cbea96bb677f7a6e121bb6877e","time":"2026-03-10T21:09:02+08:00"}
Mar 10 21:09:02 mypc dockerd[353192]: time="2026-03-10T21:09:02.283011171+08:00" level=info msg=event Pid=395297 containerID=c11c47ad9f6f9bb80eb7a8fdb8a949fe6b5c56cbea96bb677f7a6e121bb6877e module=libcontainerd namespace=moby topic=/tasks/create
Mar 10 21:09:02 mypc dockerd[353200]: time="2026-03-10T21:09:02.293719515+08:00" level=info msg="publish event /tasks/start for container c11c47ad9f6f9bb80eb7a8fdb8a949fe6b5c56cbea96bb677f7a6e121bb6877e with pid 395297"
Mar 10 21:09:02 mypc dockerd[353192]: time="2026-03-10T21:09:02.294125998+08:00" level=info msg=event Pid=395297 containerID=c11c47ad9f6f9bb80eb7a8fdb8a949fe6b5c56cbea96bb677f7a6e121bb6877e module=libcontainerd namespace=moby topic=/tasks/start
Mar 10 21:09:02 mypc dockerd[353192]: time="2026-03-10T21:09:02.711655824+08:00" level=info msg=event Pid=395599 containerID=c11c47ad9f6f9bb80eb7a8fdb8a949fe6b5c56cbea96bb677f7a6e121bb6877e execID=79e4d2ed28dc5e8051dcf4118433842884a2b70c03fa5f9a0d971fa5749dafa4 module=libcontainerd namespace=moby topic=/tasks/exec-started
Mar 10 21:09:02 mypc dockerd[353200]: time="2026-03-10T21:09:02.757497492+08:00" level=info msg="exit-del moby/c11c47ad9f6f9bb80eb7a8fdb8a949fe6b5c56cbea96bb677f7a6e121bb6877e.395599.0 error=<nil>"
Mar 10 21:09:02 mypc dockerd[353192]: time="2026-03-10T21:09:02.758482071+08:00" level=info msg=event ExitStatus=0 ExitedAt="2026-03-10 13:09:02.716206031 +0000 UTC" Pid=395599 ProcessID=79e4d2ed28dc5e8051dcf4118433842884a2b70c03fa5f9a0d971fa5749dafa4 containerID=c11c47ad9f6f9bb80eb7a8fdb8a949fe6b5c56cbea96bb677f7a6e121bb6877e module=libcontainerd namespace=moby topic=/tasks/exit
Mar 10 21:09:02 mypc dockerd[353192]: time="2026-03-10T21:09:02.798352249+08:00" level=info msg="handled exit event processID=79e4d2ed28dc5e8051dcf4118433842884a2b70c03fa5f9a0d971fa5749dafa4 containerID=c11c47ad9f6f9bb80eb7a8fdb8a949fe6b5c56cbea96bb677f7a6e121bb6877e pid=395599" module=libcontainerd namespace=moby
Mar 10 21:09:02 mypc dockerd[353192]: time="2026-03-10T21:09:02.939199098+08:00" level=info msg=event Pid=395712 containerID=c11c47ad9f6f9bb80eb7a8fdb8a949fe6b5c56cbea96bb677f7a6e121bb6877e execID=912978e25a2d6603a1f497b26ce82fb4a5bc428276420fcf521bc17f5f36cd1b module=libcontainerd namespace=moby topic=/tasks/exec-started
Mar 10 21:09:02 mypc dockerd[353200]: time="2026-03-10T21:09:02.985872653+08:00" level=info msg="exit-del moby/c11c47ad9f6f9bb80eb7a8fdb8a949fe6b5c56cbea96bb677f7a6e121bb6877e.395712.0 error=<nil>"
Mar 10 21:09:02 mypc dockerd[353192]: time="2026-03-10T21:09:02.986625905+08:00" level=info msg=event ExitStatus=0 ExitedAt="2026-03-10 13:09:02.944324253 +0000 UTC" Pid=395712 ProcessID=912978e25a2d6603a1f497b26ce82fb4a5bc428276420fcf521bc17f5f36cd1b containerID=c11c47ad9f6f9bb80eb7a8fdb8a949fe6b5c56cbea96bb677f7a6e121bb6877e module=libcontainerd namespace=moby topic=/tasks/exit
Mar 10 21:09:03 mypc dockerd[353192]: time="2026-03-10T21:09:03.036435243+08:00" level=info msg="handled exit event processID=912978e25a2d6603a1f497b26ce82fb4a5bc428276420fcf521bc17f5f36cd1b containerID=c11c47ad9f6f9bb80eb7a8fdb8a949fe6b5c56cbea96bb677f7a6e121bb6877e pid=395712" module=libcontainerd namespace=moby
Mar 10 21:09:03 mypc dockerd[353192]: time="2026-03-10T21:09:03.138170336+08:00" level=info msg=event Pid=395802 containerID=c11c47ad9f6f9bb80eb7a8fdb8a949fe6b5c56cbea96bb677f7a6e121bb6877e execID=78a6a1971e47ffa36a48ad8f6a21cf4bdf44481759afc7bbe3510aa919190de6 module=libcontainerd namespace=moby topic=/tasks/exec-started
Mar 10 21:09:03 mypc dockerd[353200]: time="2026-03-10T21:09:03.192340898+08:00" level=info msg="exit-del moby/c11c47ad9f6f9bb80eb7a8fdb8a949fe6b5c56cbea96bb677f7a6e121bb6877e.395802.0 error=<nil>"
Mar 10 21:09:03 mypc dockerd[353192]: time="2026-03-10T21:09:03.192541429+08:00" level=info msg=event ExitStatus=0 ExitedAt="2026-03-10 13:09:03.165821708 +0000 UTC" Pid=395802 ProcessID=78a6a1971e47ffa36a48ad8f6a21cf4bdf44481759afc7bbe3510aa919190de6 containerID=c11c47ad9f6f9bb80eb7a8fdb8a949fe6b5c56cbea96bb677f7a6e121bb6877e module=libcontainerd namespace=moby topic=/tasks/exit
Mar 10 21:09:03 mypc dockerd[353192]: time="2026-03-10T21:09:03.229595169+08:00" level=info msg="handled exit event processID=78a6a1971e47ffa36a48ad8f6a21cf4bdf44481759afc7bbe3510aa919190de6 containerID=c11c47ad9f6f9bb80eb7a8fdb8a949fe6b5c56cbea96bb677f7a6e121bb6877e pid=395802" module=libcontainerd namespace=moby
Mar 10 21:09:03 mypc dockerd[353192]: time="2026-03-10T21:09:03.375712592+08:00" level=info msg=event Pid=395899 containerID=c11c47ad9f6f9bb80eb7a8fdb8a949fe6b5c56cbea96bb677f7a6e121bb6877e execID=d7c1fe3a5c78a0354d133a466f7e107651487e2ab03263c06eac508ff2eab272 module=libcontainerd namespace=moby topic=/tasks/exec-started
Mar 10 21:09:14 mypc dockerd[353200]: time="2026-03-10T21:09:14.919124532+08:00" level=info msg="exit-del moby/c11c47ad9f6f9bb80eb7a8fdb8a949fe6b5c56cbea96bb677f7a6e121bb6877e.395899.0 error=<nil>"
Mar 10 21:09:14 mypc dockerd[353192]: time="2026-03-10T21:09:14.932261093+08:00" level=info msg=event ExitStatus=0 ExitedAt="2026-03-10 13:09:14.878367908 +0000 UTC" Pid=395899 ProcessID=d7c1fe3a5c78a0354d133a466f7e107651487e2ab03263c06eac508ff2eab272 containerID=c11c47ad9f6f9bb80eb7a8fdb8a949fe6b5c56cbea96bb677f7a6e121bb6877e module=libcontainerd namespace=moby topic=/tasks/exit
Mar 10 21:09:14 mypc dockerd[353192]: time="2026-03-10T21:09:14.985480751+08:00" level=info msg="handled exit event processID=d7c1fe3a5c78a0354d133a466f7e107651487e2ab03263c06eac508ff2eab272 containerID=c11c47ad9f6f9bb80eb7a8fdb8a949fe6b5c56cbea96bb677f7a6e121bb6877e pid=395899" module=libcontainerd namespace=moby
Mar 10 21:09:15 mypc dockerd[353192]: time="2026-03-10T21:09:15.165966323+08:00" level=info msg=event Pid=396569 containerID=c11c47ad9f6f9bb80eb7a8fdb8a949fe6b5c56cbea96bb677f7a6e121bb6877e execID=03aec29d19bd05f8a747b349aa8ebabb7818b171bf0dee920dde356d0af272d9 module=libcontainerd namespace=moby topic=/tasks/exec-started
Mar 10 21:09:15 mypc dockerd[353200]: time="2026-03-10T21:09:15.198318476+08:00" level=info msg="exit-del moby/c11c47ad9f6f9bb80eb7a8fdb8a949fe6b5c56cbea96bb677f7a6e121bb6877e.396569.0 error=<nil>"
Mar 10 21:09:15 mypc dockerd[353192]: time="2026-03-10T21:09:15.198569680+08:00" level=info msg=event ExitStatus=0 ExitedAt="2026-03-10 13:09:15.168521583 +0000 UTC" Pid=396569 ProcessID=03aec29d19bd05f8a747b349aa8ebabb7818b171bf0dee920dde356d0af272d9 containerID=c11c47ad9f6f9bb80eb7a8fdb8a949fe6b5c56cbea96bb677f7a6e121bb6877e module=libcontainerd namespace=moby topic=/tasks/exit
Mar 10 21:09:15 mypc dockerd[353192]: time="2026-03-10T21:09:15.238191809+08:00" level=info msg="handled exit event processID=03aec29d19bd05f8a747b349aa8ebabb7818b171bf0dee920dde356d0af272d9 containerID=c11c47ad9f6f9bb80eb7a8fdb8a949fe6b5c56cbea96bb677f7a6e121bb6877e pid=396569" module=libcontainerd namespace=moby
Mar 10 21:09:15 mypc dockerd[353192]: time="2026-03-10T21:09:15.329168109+08:00" level=info msg=event Pid=396622 containerID=c11c47ad9f6f9bb80eb7a8fdb8a949fe6b5c56cbea96bb677f7a6e121bb6877e execID=2de612c473a4c2eb12957eb42754426556c1c0afd6b3f507b603132821eb76b2 module=libcontainerd namespace=moby topic=/tasks/exec-started
Mar 10 21:09:15 mypc dockerd[353200]: time="2026-03-10T21:09:15.560021479+08:00" level=info msg="exit-del moby/c11c47ad9f6f9bb80eb7a8fdb8a949fe6b5c56cbea96bb677f7a6e121bb6877e.396622.0 error=<nil>"
Mar 10 21:09:15 mypc dockerd[353192]: time="2026-03-10T21:09:15.560970765+08:00" level=info msg=event ExitStatus=0 ExitedAt="2026-03-10 13:09:15.530007604 +0000 UTC" Pid=396622 ProcessID=2de612c473a4c2eb12957eb42754426556c1c0afd6b3f507b603132821eb76b2 containerID=c11c47ad9f6f9bb80eb7a8fdb8a949fe6b5c56cbea96bb677f7a6e121bb6877e module=libcontainerd namespace=moby topic=/tasks/exit
Mar 10 21:09:15 mypc dockerd[353192]: time="2026-03-10T21:09:15.597086073+08:00" level=info msg="handled exit event processID=2de612c473a4c2eb12957eb42754426556c1c0afd6b3f507b603132821eb76b2 containerID=c11c47ad9f6f9bb80eb7a8fdb8a949fe6b5c56cbea96bb677f7a6e121bb6877e pid=396622" module=libcontainerd namespace=moby
Mar 10 21:09:15 mypc dockerd[353192]: time="2026-03-10T21:09:15.674669558+08:00" level=info msg=event Pid=396684 containerID=c11c47ad9f6f9bb80eb7a8fdb8a949fe6b5c56cbea96bb677f7a6e121bb6877e execID=32eab7ef7a476db4a87b02d1a53c06d8bcc182aecef86dd18655f851b5dab9fb module=libcontainerd namespace=moby topic=/tasks/exec-started
Mar 10 21:09:15 mypc dockerd[353200]: time="2026-03-10T21:09:15.814861249+08:00" level=info msg="exit-del moby/c11c47ad9f6f9bb80eb7a8fdb8a949fe6b5c56cbea96bb677f7a6e121bb6877e.396684.0 error=<nil>"
Mar 10 21:09:15 mypc dockerd[353192]: time="2026-03-10T21:09:15.815430311+08:00" level=info msg=event ExitStatus=0 ExitedAt="2026-03-10 13:09:15.78093786 +0000 UTC" Pid=396684 ProcessID=32eab7ef7a476db4a87b02d1a53c06d8bcc182aecef86dd18655f851b5dab9fb containerID=c11c47ad9f6f9bb80eb7a8fdb8a949fe6b5c56cbea96bb677f7a6e121bb6877e module=libcontainerd namespace=moby topic=/tasks/exit
Mar 10 21:09:15 mypc dockerd[353192]: time="2026-03-10T21:09:15.853993836+08:00" level=info msg="handled exit event processID=32eab7ef7a476db4a87b02d1a53c06d8bcc182aecef86dd18655f851b5dab9fb containerID=c11c47ad9f6f9bb80eb7a8fdb8a949fe6b5c56cbea96bb677f7a6e121bb6877e pid=396684" module=libcontainerd namespace=moby
Mar 10 21:09:15 mypc dockerd[353192]: time="2026-03-10T21:09:15.959400108+08:00" level=info msg=event Pid=396750 containerID=c11c47ad9f6f9bb80eb7a8fdb8a949fe6b5c56cbea96bb677f7a6e121bb6877e execID=c39de0f2ba3571fb5edd2dcc5f0ba8ab260b13844343fc6099589e022ff2ee45 module=libcontainerd namespace=moby topic=/tasks/exec-started
Mar 10 21:09:15 mypc dockerd[353200]: time="2026-03-10T21:09:15.986837004+08:00" level=info msg="exit-del moby/c11c47ad9f6f9bb80eb7a8fdb8a949fe6b5c56cbea96bb677f7a6e121bb6877e.396750.0 error=<nil>"
Mar 10 21:09:15 mypc dockerd[353192]: time="2026-03-10T21:09:15.987252975+08:00" level=info msg=event ExitStatus=0 ExitedAt="2026-03-10 13:09:15.962779426 +0000 UTC" Pid=396750 ProcessID=c39de0f2ba3571fb5edd2dcc5f0ba8ab260b13844343fc6099589e022ff2ee45 containerID=c11c47ad9f6f9bb80eb7a8fdb8a949fe6b5c56cbea96bb677f7a6e121bb6877e module=libcontainerd namespace=moby topic=/tasks/exit
Mar 10 21:09:16 mypc dockerd[353192]: time="2026-03-10T21:09:16.021646092+08:00" level=info msg="handled exit event processID=c39de0f2ba3571fb5edd2dcc5f0ba8ab260b13844343fc6099589e022ff2ee45 containerID=c11c47ad9f6f9bb80eb7a8fdb8a949fe6b5c56cbea96bb677f7a6e121bb6877e pid=396750" module=libcontainerd namespace=moby
Mar 10 21:09:16 mypc dockerd[353192]: time="2026-03-10T21:09:16.222607240+08:00" level=info msg=event Pid=396826 containerID=c11c47ad9f6f9bb80eb7a8fdb8a949fe6b5c56cbea96bb677f7a6e121bb6877e execID=d42ee4b3687fd68dcd20c01ab8ae175b1f85fba9c2913fbf02d08f3395b5c160 module=libcontainerd namespace=moby topic=/tasks/exec-started
Mar 10 21:09:16 mypc dockerd[353200]: time="2026-03-10T21:09:16.440516042+08:00" level=info msg="exit-del moby/c11c47ad9f6f9bb80eb7a8fdb8a949fe6b5c56cbea96bb677f7a6e121bb6877e.396826.0 error=<nil>"
Mar 10 21:09:16 mypc dockerd[353192]: time="2026-03-10T21:09:16.440858093+08:00" level=info msg=event ExitStatus=0 ExitedAt="2026-03-10 13:09:16.415958903 +0000 UTC" Pid=396826 ProcessID=d42ee4b3687fd68dcd20c01ab8ae175b1f85fba9c2913fbf02d08f3395b5c160 containerID=c11c47ad9f6f9bb80eb7a8fdb8a949fe6b5c56cbea96bb677f7a6e121bb6877e module=libcontainerd namespace=moby topic=/tasks/exit
Mar 10 21:09:16 mypc dockerd[353192]: time="2026-03-10T21:09:16.477522103+08:00" level=info msg="handled exit event processID=d42ee4b3687fd68dcd20c01ab8ae175b1f85fba9c2913fbf02d08f3395b5c160 containerID=c11c47ad9f6f9bb80eb7a8fdb8a949fe6b5c56cbea96bb677f7a6e121bb6877e pid=396826" module=libcontainerd namespace=moby
Mar 10 21:09:16 mypc dockerd[353192]: time="2026-03-10T21:09:16.583049253+08:00" level=info msg=event Pid=396897 containerID=c11c47ad9f6f9bb80eb7a8fdb8a949fe6b5c56cbea96bb677f7a6e121bb6877e execID=421028a9d286b1d9adac38180162796f38c2eb0c8853f2244c538b5f30ffec01 module=libcontainerd namespace=moby topic=/tasks/exec-started
Mar 10 21:09:16 mypc dockerd[353200]: time="2026-03-10T21:09:16.614170027+08:00" level=info msg="exit-del moby/c11c47ad9f6f9bb80eb7a8fdb8a949fe6b5c56cbea96bb677f7a6e121bb6877e.396897.0 error=<nil>"
Mar 10 21:09:16 mypc dockerd[353192]: time="2026-03-10T21:09:16.614537938+08:00" level=info msg=event ExitStatus=0 ExitedAt="2026-03-10 13:09:16.586424235 +0000 UTC" Pid=396897 ProcessID=421028a9d286b1d9adac38180162796f38c2eb0c8853f2244c538b5f30ffec01 containerID=c11c47ad9f6f9bb80eb7a8fdb8a949fe6b5c56cbea96bb677f7a6e121bb6877e module=libcontainerd namespace=moby topic=/tasks/exit
Mar 10 21:09:16 mypc dockerd[353192]: time="2026-03-10T21:09:16.649964164+08:00" level=info msg="handled exit event processID=421028a9d286b1d9adac38180162796f38c2eb0c8853f2244c538b5f30ffec01 containerID=c11c47ad9f6f9bb80eb7a8fdb8a949fe6b5c56cbea96bb677f7a6e121bb6877e pid=396897" module=libcontainerd namespace=moby
Mar 10 21:09:16 mypc dockerd[353192]: time="2026-03-10T21:09:16.715810226+08:00" level=info msg=event Pid=396950 containerID=c11c47ad9f6f9bb80eb7a8fdb8a949fe6b5c56cbea96bb677f7a6e121bb6877e execID=34166c5b0314248acb4c2e8920ca32864f4a0c47a6a1dcd09b901191fddebaf8 module=libcontainerd namespace=moby topic=/tasks/exec-started
Mar 10 21:09:17 mypc dockerd[353200]: time="2026-03-10T21:09:17.103886767+08:00" level=info msg="exit-del moby/c11c47ad9f6f9bb80eb7a8fdb8a949fe6b5c56cbea96bb677f7a6e121bb6877e.396950.0 error=<nil>"
Mar 10 21:09:17 mypc dockerd[353192]: time="2026-03-10T21:09:17.104289301+08:00" level=info msg=event ExitStatus=0 ExitedAt="2026-03-10 13:09:17.055423837 +0000 UTC" Pid=396950 ProcessID=34166c5b0314248acb4c2e8920ca32864f4a0c47a6a1dcd09b901191fddebaf8 containerID=c11c47ad9f6f9bb80eb7a8fdb8a949fe6b5c56cbea96bb677f7a6e121bb6877e module=libcontainerd namespace=moby topic=/tasks/exit
Mar 10 21:09:17 mypc dockerd[353192]: time="2026-03-10T21:09:17.142785096+08:00" level=info msg="handled exit event processID=34166c5b0314248acb4c2e8920ca32864f4a0c47a6a1dcd09b901191fddebaf8 containerID=c11c47ad9f6f9bb80eb7a8fdb8a949fe6b5c56cbea96bb677f7a6e121bb6877e pid=396950" module=libcontainerd namespace=moby
Mar 10 21:09:17 mypc dockerd[353192]: time="2026-03-10T21:09:17.338065287+08:00" level=info msg=event Pid=397037 containerID=c11c47ad9f6f9bb80eb7a8fdb8a949fe6b5c56cbea96bb677f7a6e121bb6877e execID=197aed814f9c98fdf077420e1da6e856b163eb4dcfbae3361b0870008f477517 module=libcontainerd namespace=moby topic=/tasks/exec-started
Mar 10 21:09:17 mypc dockerd[353200]: time="2026-03-10T21:09:17.370622328+08:00" level=info msg="exit-del moby/c11c47ad9f6f9bb80eb7a8fdb8a949fe6b5c56cbea96bb677f7a6e121bb6877e.397037.0 error=<nil>"
Mar 10 21:09:17 mypc dockerd[353192]: time="2026-03-10T21:09:17.371706629+08:00" level=info msg=event ExitStatus=0 ExitedAt="2026-03-10 13:09:17.341207967 +0000 UTC" Pid=397037 ProcessID=197aed814f9c98fdf077420e1da6e856b163eb4dcfbae3361b0870008f477517 containerID=c11c47ad9f6f9bb80eb7a8fdb8a949fe6b5c56cbea96bb677f7a6e121bb6877e module=libcontainerd namespace=moby topic=/tasks/exit
Mar 10 21:09:17 mypc dockerd[353192]: time="2026-03-10T21:09:17.406486061+08:00" level=info msg="handled exit event processID=197aed814f9c98fdf077420e1da6e856b163eb4dcfbae3361b0870008f477517 containerID=c11c47ad9f6f9bb80eb7a8fdb8a949fe6b5c56cbea96bb677f7a6e121bb6877e pid=397037" module=libcontainerd namespace=moby
Mar 10 21:09:17 mypc dockerd[353192]: time="2026-03-10T21:09:17.468934651+08:00" level=info msg=event Pid=397090 containerID=c11c47ad9f6f9bb80eb7a8fdb8a949fe6b5c56cbea96bb677f7a6e121bb6877e execID=c2e42c01f0dc8f3b765a4bf5fa4b2645e34d96ea959062fb0abb05eb1bb6ca4f module=libcontainerd namespace=moby topic=/tasks/exec-started
Mar 10 21:09:17 mypc dockerd[353200]: time="2026-03-10T21:09:17.568016868+08:00" level=info msg="exit-del moby/c11c47ad9f6f9bb80eb7a8fdb8a949fe6b5c56cbea96bb677f7a6e121bb6877e.397090.0 error=<nil>"
Mar 10 21:09:17 mypc dockerd[353192]: time="2026-03-10T21:09:17.568233197+08:00" level=info msg=event ExitStatus=0 ExitedAt="2026-03-10 13:09:17.54099648 +0000 UTC" Pid=397090 ProcessID=c2e42c01f0dc8f3b765a4bf5fa4b2645e34d96ea959062fb0abb05eb1bb6ca4f containerID=c11c47ad9f6f9bb80eb7a8fdb8a949fe6b5c56cbea96bb677f7a6e121bb6877e module=libcontainerd namespace=moby topic=/tasks/exit
Mar 10 21:09:17 mypc dockerd[353192]: time="2026-03-10T21:09:17.603127566+08:00" level=info msg="handled exit event processID=c2e42c01f0dc8f3b765a4bf5fa4b2645e34d96ea959062fb0abb05eb1bb6ca4f containerID=c11c47ad9f6f9bb80eb7a8fdb8a949fe6b5c56cbea96bb677f7a6e121bb6877e pid=397090" module=libcontainerd namespace=moby
Mar 10 21:09:17 mypc dockerd[353192]: time="2026-03-10T21:09:17.665681971+08:00" level=info msg=event Pid=397148 containerID=c11c47ad9f6f9bb80eb7a8fdb8a949fe6b5c56cbea96bb677f7a6e121bb6877e execID=d51c32891cacd877339f617d0d56d374c929ee7cc543c05c70761da5d5121713 module=libcontainerd namespace=moby topic=/tasks/exec-started
Mar 10 21:09:17 mypc dockerd[353200]: time="2026-03-10T21:09:17.772336790+08:00" level=info msg="exit-del moby/c11c47ad9f6f9bb80eb7a8fdb8a949fe6b5c56cbea96bb677f7a6e121bb6877e.397148.0 error=<nil>"
Mar 10 21:09:17 mypc dockerd[353192]: time="2026-03-10T21:09:17.772629036+08:00" level=info msg=event ExitStatus=0 ExitedAt="2026-03-10 13:09:17.744698953 +0000 UTC" Pid=397148 ProcessID=d51c32891cacd877339f617d0d56d374c929ee7cc543c05c70761da5d5121713 containerID=c11c47ad9f6f9bb80eb7a8fdb8a949fe6b5c56cbea96bb677f7a6e121bb6877e module=libcontainerd namespace=moby topic=/tasks/exit
Mar 10 21:09:17 mypc dockerd[353192]: time="2026-03-10T21:09:17.808965753+08:00" level=info msg="handled exit event processID=d51c32891cacd877339f617d0d56d374c929ee7cc543c05c70761da5d5121713 containerID=c11c47ad9f6f9bb80eb7a8fdb8a949fe6b5c56cbea96bb677f7a6e121bb6877e pid=397148" module=libcontainerd namespace=moby
Mar 10 21:09:17 mypc dockerd[353192]: time="2026-03-10T21:09:17.869496801+08:00" level=info msg=event Pid=397206 containerID=c11c47ad9f6f9bb80eb7a8fdb8a949fe6b5c56cbea96bb677f7a6e121bb6877e execID=8dd294325e0df93604043045b925586b6edbc9524bac9987f20115419e786509 module=libcontainerd namespace=moby topic=/tasks/exec-started
Mar 10 21:09:17 mypc dockerd[353200]: time="2026-03-10T21:09:17.957950557+08:00" level=info msg="exit-del moby/c11c47ad9f6f9bb80eb7a8fdb8a949fe6b5c56cbea96bb677f7a6e121bb6877e.397206.0 error=<nil>"
Mar 10 21:09:17 mypc dockerd[353192]: time="2026-03-10T21:09:17.958616884+08:00" level=info msg=event ExitStatus=0 ExitedAt="2026-03-10 13:09:17.931231908 +0000 UTC" Pid=397206 ProcessID=8dd294325e0df93604043045b925586b6edbc9524bac9987f20115419e786509 containerID=c11c47ad9f6f9bb80eb7a8fdb8a949fe6b5c56cbea96bb677f7a6e121bb6877e module=libcontainerd namespace=moby topic=/tasks/exit
Mar 10 21:09:18 mypc dockerd[353192]: time="2026-03-10T21:09:18.001088982+08:00" level=info msg="handled exit event processID=8dd294325e0df93604043045b925586b6edbc9524bac9987f20115419e786509 containerID=c11c47ad9f6f9bb80eb7a8fdb8a949fe6b5c56cbea96bb677f7a6e121bb6877e pid=397206" module=libcontainerd namespace=moby
Mar 10 21:09:18 mypc dockerd[353192]: time="2026-03-10T21:09:18.061222874+08:00" level=info msg=event Pid=397264 containerID=c11c47ad9f6f9bb80eb7a8fdb8a949fe6b5c56cbea96bb677f7a6e121bb6877e execID=c45b770051889691263fe0eb1104295e770bf20ad4d6ac2c77a9cb4d69082647 module=libcontainerd namespace=moby topic=/tasks/exec-started
Mar 10 21:09:18 mypc dockerd[353200]: time="2026-03-10T21:09:18.161147863+08:00" level=info msg="exit-del moby/c11c47ad9f6f9bb80eb7a8fdb8a949fe6b5c56cbea96bb677f7a6e121bb6877e.397264.0 error=<nil>"
Mar 10 21:09:18 mypc dockerd[353192]: time="2026-03-10T21:09:18.161441501+08:00" level=info msg=event ExitStatus=0 ExitedAt="2026-03-10 13:09:18.133683311 +0000 UTC" Pid=397264 ProcessID=c45b770051889691263fe0eb1104295e770bf20ad4d6ac2c77a9cb4d69082647 containerID=c11c47ad9f6f9bb80eb7a8fdb8a949fe6b5c56cbea96bb677f7a6e121bb6877e module=libcontainerd namespace=moby topic=/tasks/exit
Mar 10 21:09:18 mypc dockerd[353192]: time="2026-03-10T21:09:18.195836839+08:00" level=info msg="handled exit event processID=c45b770051889691263fe0eb1104295e770bf20ad4d6ac2c77a9cb4d69082647 containerID=c11c47ad9f6f9bb80eb7a8fdb8a949fe6b5c56cbea96bb677f7a6e121bb6877e pid=397264" module=libcontainerd namespace=moby
Mar 10 21:09:18 mypc dockerd[353192]: time="2026-03-10T21:09:18.254323763+08:00" level=info msg=event Pid=397324 containerID=c11c47ad9f6f9bb80eb7a8fdb8a949fe6b5c56cbea96bb677f7a6e121bb6877e execID=3d33ea45e9eccbf0ac3b329b67d7b95ab0c27d0faf6bf502427cda545f8c8a74 module=libcontainerd namespace=moby topic=/tasks/exec-started
Mar 10 21:09:18 mypc dockerd[353200]: time="2026-03-10T21:09:18.358603921+08:00" level=info msg="exit-del moby/c11c47ad9f6f9bb80eb7a8fdb8a949fe6b5c56cbea96bb677f7a6e121bb6877e.397324.0 error=<nil>"
Mar 10 21:09:18 mypc dockerd[353192]: time="2026-03-10T21:09:18.358917957+08:00" level=info msg=event ExitStatus=0 ExitedAt="2026-03-10 13:09:18.32902908 +0000 UTC" Pid=397324 ProcessID=3d33ea45e9eccbf0ac3b329b67d7b95ab0c27d0faf6bf502427cda545f8c8a74 containerID=c11c47ad9f6f9bb80eb7a8fdb8a949fe6b5c56cbea96bb677f7a6e121bb6877e module=libcontainerd namespace=moby topic=/tasks/exit
Mar 10 21:09:18 mypc dockerd[353192]: time="2026-03-10T21:09:18.397693744+08:00" level=info msg="handled exit event processID=3d33ea45e9eccbf0ac3b329b67d7b95ab0c27d0faf6bf502427cda545f8c8a74 containerID=c11c47ad9f6f9bb80eb7a8fdb8a949fe6b5c56cbea96bb677f7a6e121bb6877e pid=397324" module=libcontainerd namespace=moby
Mar 10 21:09:18 mypc dockerd[353192]: time="2026-03-10T21:09:18.456882049+08:00" level=info msg=event Pid=397383 containerID=c11c47ad9f6f9bb80eb7a8fdb8a949fe6b5c56cbea96bb677f7a6e121bb6877e execID=67d5cd61880fcf0410adfc94fefa70b4b23012428995568684204957c67cc452 module=libcontainerd namespace=moby topic=/tasks/exec-started
Mar 10 21:09:18 mypc dockerd[353200]: time="2026-03-10T21:09:18.554749060+08:00" level=info msg="exit-del moby/c11c47ad9f6f9bb80eb7a8fdb8a949fe6b5c56cbea96bb677f7a6e121bb6877e.397383.0 error=<nil>"
Mar 10 21:09:18 mypc dockerd[353192]: time="2026-03-10T21:09:18.554993425+08:00" level=info msg=event ExitStatus=0 ExitedAt="2026-03-10 13:09:18.523853363 +0000 UTC" Pid=397383 ProcessID=67d5cd61880fcf0410adfc94fefa70b4b23012428995568684204957c67cc452 containerID=c11c47ad9f6f9bb80eb7a8fdb8a949fe6b5c56cbea96bb677f7a6e121bb6877e module=libcontainerd namespace=moby topic=/tasks/exit
Mar 10 21:09:18 mypc dockerd[353192]: time="2026-03-10T21:09:18.595407193+08:00" level=info msg="handled exit event processID=67d5cd61880fcf0410adfc94fefa70b4b23012428995568684204957c67cc452 containerID=c11c47ad9f6f9bb80eb7a8fdb8a949fe6b5c56cbea96bb677f7a6e121bb6877e pid=397383" module=libcontainerd namespace=moby
Mar 10 21:09:18 mypc dockerd[353192]: time="2026-03-10T21:09:18.659830170+08:00" level=info msg=event Pid=397441 containerID=c11c47ad9f6f9bb80eb7a8fdb8a949fe6b5c56cbea96bb677f7a6e121bb6877e execID=ae952c32084520eb15039a826af3b3f62a0d91e8126d339460cda8d2d043da95 module=libcontainerd namespace=moby topic=/tasks/exec-started
Mar 10 21:09:18 mypc dockerd[353200]: time="2026-03-10T21:09:18.764797249+08:00" level=info msg="exit-del moby/c11c47ad9f6f9bb80eb7a8fdb8a949fe6b5c56cbea96bb677f7a6e121bb6877e.397441.0 error=<nil>"
Mar 10 21:09:18 mypc dockerd[353192]: time="2026-03-10T21:09:18.765585317+08:00" level=info msg=event ExitStatus=0 ExitedAt="2026-03-10 13:09:18.733926935 +0000 UTC" Pid=397441 ProcessID=ae952c32084520eb15039a826af3b3f62a0d91e8126d339460cda8d2d043da95 containerID=c11c47ad9f6f9bb80eb7a8fdb8a949fe6b5c56cbea96bb677f7a6e121bb6877e module=libcontainerd namespace=moby topic=/tasks/exit
Mar 10 21:09:18 mypc dockerd[353192]: time="2026-03-10T21:09:18.807427946+08:00" level=info msg="handled exit event processID=ae952c32084520eb15039a826af3b3f62a0d91e8126d339460cda8d2d043da95 containerID=c11c47ad9f6f9bb80eb7a8fdb8a949fe6b5c56cbea96bb677f7a6e121bb6877e pid=397441" module=libcontainerd namespace=moby
Mar 10 21:09:18 mypc dockerd[353192]: time="2026-03-10T21:09:18.867872700+08:00" level=info msg=event Pid=397499 containerID=c11c47ad9f6f9bb80eb7a8fdb8a949fe6b5c56cbea96bb677f7a6e121bb6877e execID=c3d9df10c9912dc7e03cc7050f8b98fd3fbe03d533b22e1740863b148f483037 module=libcontainerd namespace=moby topic=/tasks/exec-started
Mar 10 21:09:18 mypc dockerd[353200]: time="2026-03-10T21:09:18.968500136+08:00" level=info msg="exit-del moby/c11c47ad9f6f9bb80eb7a8fdb8a949fe6b5c56cbea96bb677f7a6e121bb6877e.397499.0 error=<nil>"
Mar 10 21:09:18 mypc dockerd[353192]: time="2026-03-10T21:09:18.968649159+08:00" level=info msg=event ExitStatus=0 ExitedAt="2026-03-10 13:09:18.939252328 +0000 UTC" Pid=397499 ProcessID=c3d9df10c9912dc7e03cc7050f8b98fd3fbe03d533b22e1740863b148f483037 containerID=c11c47ad9f6f9bb80eb7a8fdb8a949fe6b5c56cbea96bb677f7a6e121bb6877e module=libcontainerd namespace=moby topic=/tasks/exit
Mar 10 21:09:19 mypc dockerd[353192]: time="2026-03-10T21:09:19.007711071+08:00" level=info msg="handled exit event processID=c3d9df10c9912dc7e03cc7050f8b98fd3fbe03d533b22e1740863b148f483037 containerID=c11c47ad9f6f9bb80eb7a8fdb8a949fe6b5c56cbea96bb677f7a6e121bb6877e pid=397499" module=libcontainerd namespace=moby
Mar 10 21:09:19 mypc dockerd[353192]: time="2026-03-10T21:09:19.074067716+08:00" level=info msg=event Pid=397557 containerID=c11c47ad9f6f9bb80eb7a8fdb8a949fe6b5c56cbea96bb677f7a6e121bb6877e execID=7554bdbb5e3b5c5158b33be0ff876dfc9ad365445aabbe3f311054759f09aed0 module=libcontainerd namespace=moby topic=/tasks/exec-started
Mar 10 21:09:19 mypc dockerd[353200]: time="2026-03-10T21:09:19.173163289+08:00" level=info msg="exit-del moby/c11c47ad9f6f9bb80eb7a8fdb8a949fe6b5c56cbea96bb677f7a6e121bb6877e.397557.0 error=<nil>"
Mar 10 21:09:19 mypc dockerd[353192]: time="2026-03-10T21:09:19.173864763+08:00" level=info msg=event ExitStatus=0 ExitedAt="2026-03-10 13:09:19.145261209 +0000 UTC" Pid=397557 ProcessID=7554bdbb5e3b5c5158b33be0ff876dfc9ad365445aabbe3f311054759f09aed0 containerID=c11c47ad9f6f9bb80eb7a8fdb8a949fe6b5c56cbea96bb677f7a6e121bb6877e module=libcontainerd namespace=moby topic=/tasks/exit
Mar 10 21:09:19 mypc dockerd[353192]: time="2026-03-10T21:09:19.210711461+08:00" level=info msg="handled exit event processID=7554bdbb5e3b5c5158b33be0ff876dfc9ad365445aabbe3f311054759f09aed0 containerID=c11c47ad9f6f9bb80eb7a8fdb8a949fe6b5c56cbea96bb677f7a6e121bb6877e pid=397557" module=libcontainerd namespace=moby
Mar 10 21:09:19 mypc dockerd[353192]: time="2026-03-10T21:09:19.276930646+08:00" level=info msg=event Pid=397615 containerID=c11c47ad9f6f9bb80eb7a8fdb8a949fe6b5c56cbea96bb677f7a6e121bb6877e execID=c6373586e825932978bbd4bf3b132f813f2694b625b088131db6625a08ac6627 module=libcontainerd namespace=moby topic=/tasks/exec-started
Mar 10 21:09:19 mypc dockerd[353200]: time="2026-03-10T21:09:19.379895998+08:00" level=info msg="exit-del moby/c11c47ad9f6f9bb80eb7a8fdb8a949fe6b5c56cbea96bb677f7a6e121bb6877e.397615.0 error=<nil>"
Mar 10 21:09:19 mypc dockerd[353192]: time="2026-03-10T21:09:19.380091589+08:00" level=info msg=event ExitStatus=0 ExitedAt="2026-03-10 13:09:19.348364977 +0000 UTC" Pid=397615 ProcessID=c6373586e825932978bbd4bf3b132f813f2694b625b088131db6625a08ac6627 containerID=c11c47ad9f6f9bb80eb7a8fdb8a949fe6b5c56cbea96bb677f7a6e121bb6877e module=libcontainerd namespace=moby topic=/tasks/exit
Mar 10 21:09:19 mypc dockerd[353192]: time="2026-03-10T21:09:19.422817549+08:00" level=info msg="handled exit event processID=c6373586e825932978bbd4bf3b132f813f2694b625b088131db6625a08ac6627 containerID=c11c47ad9f6f9bb80eb7a8fdb8a949fe6b5c56cbea96bb677f7a6e121bb6877e pid=397615" module=libcontainerd namespace=moby
Mar 10 21:09:19 mypc dockerd[353192]: time="2026-03-10T21:09:19.492060011+08:00" level=info msg=event Pid=397673 containerID=c11c47ad9f6f9bb80eb7a8fdb8a949fe6b5c56cbea96bb677f7a6e121bb6877e execID=a2778ef0242f9048c570dbdf354cbf65f30af116c9a2d9e6a1ca88bbe9efad2f module=libcontainerd namespace=moby topic=/tasks/exec-started
Mar 10 21:09:19 mypc dockerd[353200]: time="2026-03-10T21:09:19.586550978+08:00" level=info msg="exit-del moby/c11c47ad9f6f9bb80eb7a8fdb8a949fe6b5c56cbea96bb677f7a6e121bb6877e.397673.0 error=<nil>"
Mar 10 21:09:19 mypc dockerd[353192]: time="2026-03-10T21:09:19.586971367+08:00" level=info msg=event ExitStatus=0 ExitedAt="2026-03-10 13:09:19.559078977 +0000 UTC" Pid=397673 ProcessID=a2778ef0242f9048c570dbdf354cbf65f30af116c9a2d9e6a1ca88bbe9efad2f containerID=c11c47ad9f6f9bb80eb7a8fdb8a949fe6b5c56cbea96bb677f7a6e121bb6877e module=libcontainerd namespace=moby topic=/tasks/exit
Mar 10 21:09:19 mypc dockerd[353192]: time="2026-03-10T21:09:19.622603207+08:00" level=info msg="handled exit event processID=a2778ef0242f9048c570dbdf354cbf65f30af116c9a2d9e6a1ca88bbe9efad2f containerID=c11c47ad9f6f9bb80eb7a8fdb8a949fe6b5c56cbea96bb677f7a6e121bb6877e pid=397673" module=libcontainerd namespace=moby
Mar 10 21:09:19 mypc dockerd[353192]: time="2026-03-10T21:09:19.682719721+08:00" level=info msg=event Pid=397730 containerID=c11c47ad9f6f9bb80eb7a8fdb8a949fe6b5c56cbea96bb677f7a6e121bb6877e execID=eabed77440330cb395edd1c878f8785d19703d3167b64bf8838484f5e1f38570 module=libcontainerd namespace=moby topic=/tasks/exec-started
Mar 10 21:09:19 mypc dockerd[353200]: time="2026-03-10T21:09:19.776933826+08:00" level=info msg="exit-del moby/c11c47ad9f6f9bb80eb7a8fdb8a949fe6b5c56cbea96bb677f7a6e121bb6877e.397730.0 error=<nil>"
Mar 10 21:09:19 mypc dockerd[353192]: time="2026-03-10T21:09:19.777236130+08:00" level=info msg=event ExitStatus=0 ExitedAt="2026-03-10 13:09:19.748304563 +0000 UTC" Pid=397730 ProcessID=eabed77440330cb395edd1c878f8785d19703d3167b64bf8838484f5e1f38570 containerID=c11c47ad9f6f9bb80eb7a8fdb8a949fe6b5c56cbea96bb677f7a6e121bb6877e module=libcontainerd namespace=moby topic=/tasks/exit
Mar 10 21:09:19 mypc dockerd[353192]: time="2026-03-10T21:09:19.815543807+08:00" level=info msg="handled exit event processID=eabed77440330cb395edd1c878f8785d19703d3167b64bf8838484f5e1f38570 containerID=c11c47ad9f6f9bb80eb7a8fdb8a949fe6b5c56cbea96bb677f7a6e121bb6877e pid=397730" module=libcontainerd namespace=moby
Mar 10 21:09:19 mypc dockerd[353192]: time="2026-03-10T21:09:19.885728924+08:00" level=info msg=event Pid=397788 containerID=c11c47ad9f6f9bb80eb7a8fdb8a949fe6b5c56cbea96bb677f7a6e121bb6877e execID=c8f91a0610bd90a31b85cc5edf7e7e7fdadcf1ca37cd01c99465f52ae097eb7c module=libcontainerd namespace=moby topic=/tasks/exec-started
Mar 10 21:09:20 mypc dockerd[353200]: time="2026-03-10T21:09:20.005218759+08:00" level=info msg="exit-del moby/c11c47ad9f6f9bb80eb7a8fdb8a949fe6b5c56cbea96bb677f7a6e121bb6877e.397788.0 error=<nil>"
Mar 10 21:09:20 mypc dockerd[353192]: time="2026-03-10T21:09:20.005734199+08:00" level=info msg=event ExitStatus=0 ExitedAt="2026-03-10 13:09:19.966560816 +0000 UTC" Pid=397788 ProcessID=c8f91a0610bd90a31b85cc5edf7e7e7fdadcf1ca37cd01c99465f52ae097eb7c containerID=c11c47ad9f6f9bb80eb7a8fdb8a949fe6b5c56cbea96bb677f7a6e121bb6877e module=libcontainerd namespace=moby topic=/tasks/exit
Mar 10 21:09:20 mypc dockerd[353192]: time="2026-03-10T21:09:20.046919986+08:00" level=info msg="handled exit event processID=c8f91a0610bd90a31b85cc5edf7e7e7fdadcf1ca37cd01c99465f52ae097eb7c containerID=c11c47ad9f6f9bb80eb7a8fdb8a949fe6b5c56cbea96bb677f7a6e121bb6877e pid=397788" module=libcontainerd namespace=moby
Mar 10 21:09:20 mypc dockerd[353192]: time="2026-03-10T21:09:20.114043313+08:00" level=info msg=event Pid=397845 containerID=c11c47ad9f6f9bb80eb7a8fdb8a949fe6b5c56cbea96bb677f7a6e121bb6877e execID=4e7adf7137a8f9df0ede5a2e614fbf8aa113415c27059cd534126333f2fee30f module=libcontainerd namespace=moby topic=/tasks/exec-started
Mar 10 21:09:20 mypc dockerd[353200]: time="2026-03-10T21:09:20.219862021+08:00" level=info msg="exit-del moby/c11c47ad9f6f9bb80eb7a8fdb8a949fe6b5c56cbea96bb677f7a6e121bb6877e.397845.0 error=<nil>"
Mar 10 21:09:20 mypc dockerd[353192]: time="2026-03-10T21:09:20.220140359+08:00" level=info msg=event ExitStatus=0 ExitedAt="2026-03-10 13:09:20.192709085 +0000 UTC" Pid=397845 ProcessID=4e7adf7137a8f9df0ede5a2e614fbf8aa113415c27059cd534126333f2fee30f containerID=c11c47ad9f6f9bb80eb7a8fdb8a949fe6b5c56cbea96bb677f7a6e121bb6877e module=libcontainerd namespace=moby topic=/tasks/exit
Mar 10 21:09:20 mypc dockerd[353192]: time="2026-03-10T21:09:20.256133705+08:00" level=info msg="handled exit event processID=4e7adf7137a8f9df0ede5a2e614fbf8aa113415c27059cd534126333f2fee30f containerID=c11c47ad9f6f9bb80eb7a8fdb8a949fe6b5c56cbea96bb677f7a6e121bb6877e pid=397845" module=libcontainerd namespace=moby
Mar 10 21:09:20 mypc dockerd[353192]: time="2026-03-10T21:09:20.318686587+08:00" level=info msg=event Pid=397902 containerID=c11c47ad9f6f9bb80eb7a8fdb8a949fe6b5c56cbea96bb677f7a6e121bb6877e execID=44a053a78a1170c8ad38eab9c36064e703e3961473c381af8698afaa71cd8cfd module=libcontainerd namespace=moby topic=/tasks/exec-started
Mar 10 21:09:20 mypc dockerd[353200]: time="2026-03-10T21:09:20.414734465+08:00" level=info msg="exit-del moby/c11c47ad9f6f9bb80eb7a8fdb8a949fe6b5c56cbea96bb677f7a6e121bb6877e.397902.0 error=<nil>"
Mar 10 21:09:20 mypc dockerd[353192]: time="2026-03-10T21:09:20.414900761+08:00" level=info msg=event ExitStatus=0 ExitedAt="2026-03-10 13:09:20.38598769 +0000 UTC" Pid=397902 ProcessID=44a053a78a1170c8ad38eab9c36064e703e3961473c381af8698afaa71cd8cfd containerID=c11c47ad9f6f9bb80eb7a8fdb8a949fe6b5c56cbea96bb677f7a6e121bb6877e module=libcontainerd namespace=moby topic=/tasks/exit
Mar 10 21:09:20 mypc dockerd[353192]: time="2026-03-10T21:09:20.451324395+08:00" level=info msg="handled exit event processID=44a053a78a1170c8ad38eab9c36064e703e3961473c381af8698afaa71cd8cfd containerID=c11c47ad9f6f9bb80eb7a8fdb8a949fe6b5c56cbea96bb677f7a6e121bb6877e pid=397902" module=libcontainerd namespace=moby
Mar 10 21:09:20 mypc dockerd[353192]: time="2026-03-10T21:09:20.509169205+08:00" level=info msg=event Pid=397960 containerID=c11c47ad9f6f9bb80eb7a8fdb8a949fe6b5c56cbea96bb677f7a6e121bb6877e execID=25bae636af631ee5b112f926422960cc4f55b7d1feb919c239318cdb6c626cdc module=libcontainerd namespace=moby topic=/tasks/exec-started
Mar 10 21:09:20 mypc dockerd[353200]: time="2026-03-10T21:09:20.609563763+08:00" level=info msg="exit-del moby/c11c47ad9f6f9bb80eb7a8fdb8a949fe6b5c56cbea96bb677f7a6e121bb6877e.397960.0 error=<nil>"
Mar 10 21:09:20 mypc dockerd[353192]: time="2026-03-10T21:09:20.610027379+08:00" level=info msg=event ExitStatus=0 ExitedAt="2026-03-10 13:09:20.580052088 +0000 UTC" Pid=397960 ProcessID=25bae636af631ee5b112f926422960cc4f55b7d1feb919c239318cdb6c626cdc containerID=c11c47ad9f6f9bb80eb7a8fdb8a949fe6b5c56cbea96bb677f7a6e121bb6877e module=libcontainerd namespace=moby topic=/tasks/exit
Mar 10 21:09:20 mypc dockerd[353192]: time="2026-03-10T21:09:20.649063020+08:00" level=info msg="handled exit event processID=25bae636af631ee5b112f926422960cc4f55b7d1feb919c239318cdb6c626cdc containerID=c11c47ad9f6f9bb80eb7a8fdb8a949fe6b5c56cbea96bb677f7a6e121bb6877e pid=397960" module=libcontainerd namespace=moby
Mar 10 21:09:20 mypc dockerd[353192]: time="2026-03-10T21:09:20.706806096+08:00" level=info msg=event Pid=398018 containerID=c11c47ad9f6f9bb80eb7a8fdb8a949fe6b5c56cbea96bb677f7a6e121bb6877e execID=ab1c1c7f892a2aa8c4f883ee25c94fa5cde7060d91426518b0461f3917f3dcf3 module=libcontainerd namespace=moby topic=/tasks/exec-started
Mar 10 21:09:20 mypc dockerd[353200]: time="2026-03-10T21:09:20.807377836+08:00" level=info msg="exit-del moby/c11c47ad9f6f9bb80eb7a8fdb8a949fe6b5c56cbea96bb677f7a6e121bb6877e.398018.0 error=<nil>"
Mar 10 21:09:20 mypc dockerd[353192]: time="2026-03-10T21:09:20.807614236+08:00" level=info msg=event ExitStatus=0 ExitedAt="2026-03-10 13:09:20.776827501 +0000 UTC" Pid=398018 ProcessID=ab1c1c7f892a2aa8c4f883ee25c94fa5cde7060d91426518b0461f3917f3dcf3 containerID=c11c47ad9f6f9bb80eb7a8fdb8a949fe6b5c56cbea96bb677f7a6e121bb6877e module=libcontainerd namespace=moby topic=/tasks/exit
Mar 10 21:09:20 mypc dockerd[353192]: time="2026-03-10T21:09:20.848666602+08:00" level=info msg="handled exit event processID=ab1c1c7f892a2aa8c4f883ee25c94fa5cde7060d91426518b0461f3917f3dcf3 containerID=c11c47ad9f6f9bb80eb7a8fdb8a949fe6b5c56cbea96bb677f7a6e121bb6877e pid=398018" module=libcontainerd namespace=moby
Mar 10 21:09:20 mypc dockerd[353192]: time="2026-03-10T21:09:20.913709279+08:00" level=info msg=event Pid=398076 containerID=c11c47ad9f6f9bb80eb7a8fdb8a949fe6b5c56cbea96bb677f7a6e121bb6877e execID=c05d7b19ef690793c4c34019e05cba2936fe3470ca7716d11b67e50aea94747b module=libcontainerd namespace=moby topic=/tasks/exec-started
Mar 10 21:09:21 mypc dockerd[353200]: time="2026-03-10T21:09:21.014493292+08:00" level=info msg="exit-del moby/c11c47ad9f6f9bb80eb7a8fdb8a949fe6b5c56cbea96bb677f7a6e121bb6877e.398076.0 error=<nil>"
Mar 10 21:09:21 mypc dockerd[353192]: time="2026-03-10T21:09:21.014820344+08:00" level=info msg=event ExitStatus=0 ExitedAt="2026-03-10 13:09:20.984600422 +0000 UTC" Pid=398076 ProcessID=c05d7b19ef690793c4c34019e05cba2936fe3470ca7716d11b67e50aea94747b containerID=c11c47ad9f6f9bb80eb7a8fdb8a949fe6b5c56cbea96bb677f7a6e121bb6877e module=libcontainerd namespace=moby topic=/tasks/exit
Mar 10 21:09:21 mypc dockerd[353192]: time="2026-03-10T21:09:21.053048942+08:00" level=info msg="handled exit event processID=c05d7b19ef690793c4c34019e05cba2936fe3470ca7716d11b67e50aea94747b containerID=c11c47ad9f6f9bb80eb7a8fdb8a949fe6b5c56cbea96bb677f7a6e121bb6877e pid=398076" module=libcontainerd namespace=moby
Mar 10 21:09:21 mypc dockerd[353192]: time="2026-03-10T21:09:21.117334268+08:00" level=info msg=event Pid=398134 containerID=c11c47ad9f6f9bb80eb7a8fdb8a949fe6b5c56cbea96bb677f7a6e121bb6877e execID=32fae912298db3838269af6a5ed0e4199d6f643c2a25505af11bfdad0177aef6 module=libcontainerd namespace=moby topic=/tasks/exec-started
Mar 10 21:09:21 mypc dockerd[353200]: time="2026-03-10T21:09:21.215857472+08:00" level=info msg="exit-del moby/c11c47ad9f6f9bb80eb7a8fdb8a949fe6b5c56cbea96bb677f7a6e121bb6877e.398134.0 error=<nil>"
Mar 10 21:09:21 mypc dockerd[353192]: time="2026-03-10T21:09:21.216295636+08:00" level=info msg=event ExitStatus=0 ExitedAt="2026-03-10 13:09:21.185965105 +0000 UTC" Pid=398134 ProcessID=32fae912298db3838269af6a5ed0e4199d6f643c2a25505af11bfdad0177aef6 containerID=c11c47ad9f6f9bb80eb7a8fdb8a949fe6b5c56cbea96bb677f7a6e121bb6877e module=libcontainerd namespace=moby topic=/tasks/exit
Mar 10 21:09:21 mypc dockerd[353192]: time="2026-03-10T21:09:21.254157355+08:00" level=info msg="handled exit event processID=32fae912298db3838269af6a5ed0e4199d6f643c2a25505af11bfdad0177aef6 containerID=c11c47ad9f6f9bb80eb7a8fdb8a949fe6b5c56cbea96bb677f7a6e121bb6877e pid=398134" module=libcontainerd namespace=moby
Mar 10 21:09:21 mypc dockerd[353192]: time="2026-03-10T21:09:21.328148242+08:00" level=info msg=event Pid=398192 containerID=c11c47ad9f6f9bb80eb7a8fdb8a949fe6b5c56cbea96bb677f7a6e121bb6877e execID=a5257ea2981874a3ffb6a478950fd5d0f354c11e06300fdcab2623508f646e21 module=libcontainerd namespace=moby topic=/tasks/exec-started
Mar 10 21:09:21 mypc dockerd[353200]: time="2026-03-10T21:09:21.430739789+08:00" level=info msg="exit-del moby/c11c47ad9f6f9bb80eb7a8fdb8a949fe6b5c56cbea96bb677f7a6e121bb6877e.398192.0 error=<nil>"
Mar 10 21:09:21 mypc dockerd[353192]: time="2026-03-10T21:09:21.431003389+08:00" level=info msg=event ExitStatus=0 ExitedAt="2026-03-10 13:09:21.39928897 +0000 UTC" Pid=398192 ProcessID=a5257ea2981874a3ffb6a478950fd5d0f354c11e06300fdcab2623508f646e21 containerID=c11c47ad9f6f9bb80eb7a8fdb8a949fe6b5c56cbea96bb677f7a6e121bb6877e module=libcontainerd namespace=moby topic=/tasks/exit
Mar 10 21:09:21 mypc dockerd[353192]: time="2026-03-10T21:09:21.464100858+08:00" level=info msg="handled exit event processID=a5257ea2981874a3ffb6a478950fd5d0f354c11e06300fdcab2623508f646e21 containerID=c11c47ad9f6f9bb80eb7a8fdb8a949fe6b5c56cbea96bb677f7a6e121bb6877e pid=398192" module=libcontainerd namespace=moby
Mar 10 21:09:21 mypc dockerd[353192]: time="2026-03-10T21:09:21.525616640+08:00" level=info msg=event Pid=398250 containerID=c11c47ad9f6f9bb80eb7a8fdb8a949fe6b5c56cbea96bb677f7a6e121bb6877e execID=5faab877afe6e4e32728c6dfb08943f680c636149a3e035838f25f4c4d078713 module=libcontainerd namespace=moby topic=/tasks/exec-started
Mar 10 21:09:21 mypc dockerd[353200]: time="2026-03-10T21:09:21.621590516+08:00" level=info msg="exit-del moby/c11c47ad9f6f9bb80eb7a8fdb8a949fe6b5c56cbea96bb677f7a6e121bb6877e.398250.0 error=<nil>"
Mar 10 21:09:21 mypc dockerd[353192]: time="2026-03-10T21:09:21.621807048+08:00" level=info msg=event ExitStatus=0 ExitedAt="2026-03-10 13:09:21.592143899 +0000 UTC" Pid=398250 ProcessID=5faab877afe6e4e32728c6dfb08943f680c636149a3e035838f25f4c4d078713 containerID=c11c47ad9f6f9bb80eb7a8fdb8a949fe6b5c56cbea96bb677f7a6e121bb6877e module=libcontainerd namespace=moby topic=/tasks/exit
Mar 10 21:09:21 mypc dockerd[353192]: time="2026-03-10T21:09:21.658001806+08:00" level=info msg="handled exit event processID=5faab877afe6e4e32728c6dfb08943f680c636149a3e035838f25f4c4d078713 containerID=c11c47ad9f6f9bb80eb7a8fdb8a949fe6b5c56cbea96bb677f7a6e121bb6877e pid=398250" module=libcontainerd namespace=moby
Mar 10 21:09:21 mypc dockerd[353192]: time="2026-03-10T21:09:21.717022683+08:00" level=info msg=event Pid=398309 containerID=c11c47ad9f6f9bb80eb7a8fdb8a949fe6b5c56cbea96bb677f7a6e121bb6877e execID=ed7415d5cb6e0c55dcac55a55a7d1e7dece976ef68f9a0ccc2759c6925956eca module=libcontainerd namespace=moby topic=/tasks/exec-started
Mar 10 21:09:21 mypc dockerd[353200]: time="2026-03-10T21:09:21.821929084+08:00" level=info msg="exit-del moby/c11c47ad9f6f9bb80eb7a8fdb8a949fe6b5c56cbea96bb677f7a6e121bb6877e.398309.0 error=<nil>"
Mar 10 21:09:21 mypc dockerd[353192]: time="2026-03-10T21:09:21.822408446+08:00" level=info msg=event ExitStatus=0 ExitedAt="2026-03-10 13:09:21.792039146 +0000 UTC" Pid=398309 ProcessID=ed7415d5cb6e0c55dcac55a55a7d1e7dece976ef68f9a0ccc2759c6925956eca containerID=c11c47ad9f6f9bb80eb7a8fdb8a949fe6b5c56cbea96bb677f7a6e121bb6877e module=libcontainerd namespace=moby topic=/tasks/exit
Mar 10 21:09:21 mypc dockerd[353192]: time="2026-03-10T21:09:21.860856189+08:00" level=info msg="handled exit event processID=ed7415d5cb6e0c55dcac55a55a7d1e7dece976ef68f9a0ccc2759c6925956eca containerID=c11c47ad9f6f9bb80eb7a8fdb8a949fe6b5c56cbea96bb677f7a6e121bb6877e pid=398309" module=libcontainerd namespace=moby
Mar 10 21:09:21 mypc dockerd[353192]: time="2026-03-10T21:09:21.931739022+08:00" level=info msg=event Pid=398367 containerID=c11c47ad9f6f9bb80eb7a8fdb8a949fe6b5c56cbea96bb677f7a6e121bb6877e execID=9f3bc406537fd5ab330a74cb770e561a79197f3a3f5de329a869b542665dfe83 module=libcontainerd namespace=moby topic=/tasks/exec-started
Mar 10 21:09:22 mypc dockerd[353200]: time="2026-03-10T21:09:22.027542672+08:00" level=info msg="exit-del moby/c11c47ad9f6f9bb80eb7a8fdb8a949fe6b5c56cbea96bb677f7a6e121bb6877e.398367.0 error=<nil>"
Mar 10 21:09:22 mypc dockerd[353192]: time="2026-03-10T21:09:22.028298013+08:00" level=info msg=event ExitStatus=0 ExitedAt="2026-03-10 13:09:21.999455331 +0000 UTC" Pid=398367 ProcessID=9f3bc406537fd5ab330a74cb770e561a79197f3a3f5de329a869b542665dfe83 containerID=c11c47ad9f6f9bb80eb7a8fdb8a949fe6b5c56cbea96bb677f7a6e121bb6877e module=libcontainerd namespace=moby topic=/tasks/exit
Mar 10 21:09:22 mypc dockerd[353192]: time="2026-03-10T21:09:22.066825292+08:00" level=info msg="handled exit event processID=9f3bc406537fd5ab330a74cb770e561a79197f3a3f5de329a869b542665dfe83 containerID=c11c47ad9f6f9bb80eb7a8fdb8a949fe6b5c56cbea96bb677f7a6e121bb6877e pid=398367" module=libcontainerd namespace=moby
Mar 10 21:09:22 mypc dockerd[353192]: time="2026-03-10T21:09:22.129384630+08:00" level=info msg=event Pid=398426 containerID=c11c47ad9f6f9bb80eb7a8fdb8a949fe6b5c56cbea96bb677f7a6e121bb6877e execID=6a7c6260d8c240c70f0c2a84b6df3f9e1dc7782af61e23b1df1c80ea871003f9 module=libcontainerd namespace=moby topic=/tasks/exec-started
Mar 10 21:09:22 mypc dockerd[353200]: time="2026-03-10T21:09:22.222409990+08:00" level=info msg="exit-del moby/c11c47ad9f6f9bb80eb7a8fdb8a949fe6b5c56cbea96bb677f7a6e121bb6877e.398426.0 error=<nil>"
Mar 10 21:09:22 mypc dockerd[353192]: time="2026-03-10T21:09:22.222649465+08:00" level=info msg=event ExitStatus=0 ExitedAt="2026-03-10 13:09:22.196493647 +0000 UTC" Pid=398426 ProcessID=6a7c6260d8c240c70f0c2a84b6df3f9e1dc7782af61e23b1df1c80ea871003f9 containerID=c11c47ad9f6f9bb80eb7a8fdb8a949fe6b5c56cbea96bb677f7a6e121bb6877e module=libcontainerd namespace=moby topic=/tasks/exit
Mar 10 21:09:22 mypc dockerd[353192]: time="2026-03-10T21:09:22.257707994+08:00" level=info msg="handled exit event processID=6a7c6260d8c240c70f0c2a84b6df3f9e1dc7782af61e23b1df1c80ea871003f9 containerID=c11c47ad9f6f9bb80eb7a8fdb8a949fe6b5c56cbea96bb677f7a6e121bb6877e pid=398426" module=libcontainerd namespace=moby
Mar 10 21:09:22 mypc dockerd[353192]: time="2026-03-10T21:09:22.327681617+08:00" level=info msg=event Pid=398483 containerID=c11c47ad9f6f9bb80eb7a8fdb8a949fe6b5c56cbea96bb677f7a6e121bb6877e execID=e818ce38de033067612d97e24f5d0276c0860763e51e437bffcbbfe96769d5af module=libcontainerd namespace=moby topic=/tasks/exec-started
Mar 10 21:09:22 mypc dockerd[353200]: time="2026-03-10T21:09:22.445659602+08:00" level=info msg="exit-del moby/c11c47ad9f6f9bb80eb7a8fdb8a949fe6b5c56cbea96bb677f7a6e121bb6877e.398483.0 error=<nil>"
Mar 10 21:09:22 mypc dockerd[353192]: time="2026-03-10T21:09:22.447828302+08:00" level=info msg=event ExitStatus=0 ExitedAt="2026-03-10 13:09:22.418177517 +0000 UTC" Pid=398483 ProcessID=e818ce38de033067612d97e24f5d0276c0860763e51e437bffcbbfe96769d5af containerID=c11c47ad9f6f9bb80eb7a8fdb8a949fe6b5c56cbea96bb677f7a6e121bb6877e module=libcontainerd namespace=moby topic=/tasks/exit
Mar 10 21:09:22 mypc dockerd[353192]: time="2026-03-10T21:09:22.489664218+08:00" level=info msg="handled exit event processID=e818ce38de033067612d97e24f5d0276c0860763e51e437bffcbbfe96769d5af containerID=c11c47ad9f6f9bb80eb7a8fdb8a949fe6b5c56cbea96bb677f7a6e121bb6877e pid=398483" module=libcontainerd namespace=moby
Mar 10 21:09:22 mypc dockerd[353192]: time="2026-03-10T21:09:22.552479810+08:00" level=info msg=event Pid=398542 containerID=c11c47ad9f6f9bb80eb7a8fdb8a949fe6b5c56cbea96bb677f7a6e121bb6877e execID=c39dc36fd4c1586b999f2aa23a3671adbb83ca20c9efb3800465c61ee3ed067c module=libcontainerd namespace=moby topic=/tasks/exec-started
Mar 10 21:09:22 mypc dockerd[353200]: time="2026-03-10T21:09:22.642900496+08:00" level=info msg="exit-del moby/c11c47ad9f6f9bb80eb7a8fdb8a949fe6b5c56cbea96bb677f7a6e121bb6877e.398542.0 error=<nil>"
Mar 10 21:09:22 mypc dockerd[353192]: time="2026-03-10T21:09:22.643180318+08:00" level=info msg=event ExitStatus=0 ExitedAt="2026-03-10 13:09:22.615890864 +0000 UTC" Pid=398542 ProcessID=c39dc36fd4c1586b999f2aa23a3671adbb83ca20c9efb3800465c61ee3ed067c containerID=c11c47ad9f6f9bb80eb7a8fdb8a949fe6b5c56cbea96bb677f7a6e121bb6877e module=libcontainerd namespace=moby topic=/tasks/exit
Mar 10 21:09:22 mypc dockerd[353192]: time="2026-03-10T21:09:22.677260937+08:00" level=info msg="handled exit event processID=c39dc36fd4c1586b999f2aa23a3671adbb83ca20c9efb3800465c61ee3ed067c containerID=c11c47ad9f6f9bb80eb7a8fdb8a949fe6b5c56cbea96bb677f7a6e121bb6877e pid=398542" module=libcontainerd namespace=moby
Mar 10 21:09:22 mypc dockerd[353192]: time="2026-03-10T21:09:22.739543827+08:00" level=info msg=event Pid=398600 containerID=c11c47ad9f6f9bb80eb7a8fdb8a949fe6b5c56cbea96bb677f7a6e121bb6877e execID=b9155ef688d1479f32381cdd0ed82c8fdd3296849e63bf03a92f770387629923 module=libcontainerd namespace=moby topic=/tasks/exec-started
Mar 10 21:09:22 mypc dockerd[353200]: time="2026-03-10T21:09:22.832989805+08:00" level=info msg="exit-del moby/c11c47ad9f6f9bb80eb7a8fdb8a949fe6b5c56cbea96bb677f7a6e121bb6877e.398600.0 error=<nil>"
Mar 10 21:09:22 mypc dockerd[353192]: time="2026-03-10T21:09:22.833162694+08:00" level=info msg=event ExitStatus=0 ExitedAt="2026-03-10 13:09:22.80683177 +0000 UTC" Pid=398600 ProcessID=b9155ef688d1479f32381cdd0ed82c8fdd3296849e63bf03a92f770387629923 containerID=c11c47ad9f6f9bb80eb7a8fdb8a949fe6b5c56cbea96bb677f7a6e121bb6877e module=libcontainerd namespace=moby topic=/tasks/exit
Mar 10 21:09:22 mypc dockerd[353192]: time="2026-03-10T21:09:22.871170121+08:00" level=info msg="handled exit event processID=b9155ef688d1479f32381cdd0ed82c8fdd3296849e63bf03a92f770387629923 containerID=c11c47ad9f6f9bb80eb7a8fdb8a949fe6b5c56cbea96bb677f7a6e121bb6877e pid=398600" module=libcontainerd namespace=moby
Mar 10 21:09:22 mypc dockerd[353192]: time="2026-03-10T21:09:22.928311752+08:00" level=info msg=event Pid=398658 containerID=c11c47ad9f6f9bb80eb7a8fdb8a949fe6b5c56cbea96bb677f7a6e121bb6877e execID=e0bb8246cf32b21f2f5a086e503b1dbecc0369db66fd96180eab7bc754f79d2d module=libcontainerd namespace=moby topic=/tasks/exec-started
Mar 10 21:09:23 mypc dockerd[353200]: time="2026-03-10T21:09:23.020436509+08:00" level=info msg="exit-del moby/c11c47ad9f6f9bb80eb7a8fdb8a949fe6b5c56cbea96bb677f7a6e121bb6877e.398658.0 error=<nil>"
Mar 10 21:09:23 mypc dockerd[353192]: time="2026-03-10T21:09:23.020667969+08:00" level=info msg=event ExitStatus=0 ExitedAt="2026-03-10 13:09:22.990977689 +0000 UTC" Pid=398658 ProcessID=e0bb8246cf32b21f2f5a086e503b1dbecc0369db66fd96180eab7bc754f79d2d containerID=c11c47ad9f6f9bb80eb7a8fdb8a949fe6b5c56cbea96bb677f7a6e121bb6877e module=libcontainerd namespace=moby topic=/tasks/exit
Mar 10 21:09:23 mypc dockerd[353192]: time="2026-03-10T21:09:23.053754648+08:00" level=info msg="handled exit event processID=e0bb8246cf32b21f2f5a086e503b1dbecc0369db66fd96180eab7bc754f79d2d containerID=c11c47ad9f6f9bb80eb7a8fdb8a949fe6b5c56cbea96bb677f7a6e121bb6877e pid=398658" module=libcontainerd namespace=moby
Mar 10 21:09:23 mypc dockerd[353192]: time="2026-03-10T21:09:23.109876931+08:00" level=info msg=event Pid=398717 containerID=c11c47ad9f6f9bb80eb7a8fdb8a949fe6b5c56cbea96bb677f7a6e121bb6877e execID=2477b7ebe3a6e2b125a8f36c473ead92cc3154ab2a86ba6f9989616fc950d95d module=libcontainerd namespace=moby topic=/tasks/exec-started
Mar 10 21:09:23 mypc dockerd[353200]: time="2026-03-10T21:09:23.200805571+08:00" level=info msg="exit-del moby/c11c47ad9f6f9bb80eb7a8fdb8a949fe6b5c56cbea96bb677f7a6e121bb6877e.398717.0 error=<nil>"
Mar 10 21:09:23 mypc dockerd[353192]: time="2026-03-10T21:09:23.201068364+08:00" level=info msg=event ExitStatus=0 ExitedAt="2026-03-10 13:09:23.172867216 +0000 UTC" Pid=398717 ProcessID=2477b7ebe3a6e2b125a8f36c473ead92cc3154ab2a86ba6f9989616fc950d95d containerID=c11c47ad9f6f9bb80eb7a8fdb8a949fe6b5c56cbea96bb677f7a6e121bb6877e module=libcontainerd namespace=moby topic=/tasks/exit
Mar 10 21:09:23 mypc dockerd[353192]: time="2026-03-10T21:09:23.239143085+08:00" level=info msg="handled exit event processID=2477b7ebe3a6e2b125a8f36c473ead92cc3154ab2a86ba6f9989616fc950d95d containerID=c11c47ad9f6f9bb80eb7a8fdb8a949fe6b5c56cbea96bb677f7a6e121bb6877e pid=398717" module=libcontainerd namespace=moby
Mar 10 21:09:23 mypc dockerd[353192]: time="2026-03-10T21:09:23.302381203+08:00" level=info msg=event Pid=398775 containerID=c11c47ad9f6f9bb80eb7a8fdb8a949fe6b5c56cbea96bb677f7a6e121bb6877e execID=89fb594543b674ed37c0394c812ed3b66564fbcf6607e651bae752dc108f7034 module=libcontainerd namespace=moby topic=/tasks/exec-started
Mar 10 21:09:23 mypc dockerd[353200]: time="2026-03-10T21:09:23.391503170+08:00" level=info msg="exit-del moby/c11c47ad9f6f9bb80eb7a8fdb8a949fe6b5c56cbea96bb677f7a6e121bb6877e.398775.0 error=<nil>"
Mar 10 21:09:23 mypc dockerd[353192]: time="2026-03-10T21:09:23.392143705+08:00" level=info msg=event ExitStatus=0 ExitedAt="2026-03-10 13:09:23.365542069 +0000 UTC" Pid=398775 ProcessID=89fb594543b674ed37c0394c812ed3b66564fbcf6607e651bae752dc108f7034 containerID=c11c47ad9f6f9bb80eb7a8fdb8a949fe6b5c56cbea96bb677f7a6e121bb6877e module=libcontainerd namespace=moby topic=/tasks/exit
Mar 10 21:09:23 mypc dockerd[353192]: time="2026-03-10T21:09:23.430373287+08:00" level=info msg="handled exit event processID=89fb594543b674ed37c0394c812ed3b66564fbcf6607e651bae752dc108f7034 containerID=c11c47ad9f6f9bb80eb7a8fdb8a949fe6b5c56cbea96bb677f7a6e121bb6877e pid=398775" module=libcontainerd namespace=moby
Mar 10 21:09:23 mypc dockerd[353192]: time="2026-03-10T21:09:23.494362371+08:00" level=info msg=event Pid=398833 containerID=c11c47ad9f6f9bb80eb7a8fdb8a949fe6b5c56cbea96bb677f7a6e121bb6877e execID=6eea02d0476a315cf5806a7b1f4d81a1638fc73d7584b680a5358847250c84e2 module=libcontainerd namespace=moby topic=/tasks/exec-started
Mar 10 21:09:23 mypc dockerd[353200]: time="2026-03-10T21:09:23.610633053+08:00" level=info msg="exit-del moby/c11c47ad9f6f9bb80eb7a8fdb8a949fe6b5c56cbea96bb677f7a6e121bb6877e.398833.0 error=<nil>"
Mar 10 21:09:23 mypc dockerd[353192]: time="2026-03-10T21:09:23.610997797+08:00" level=info msg=event ExitStatus=0 ExitedAt="2026-03-10 13:09:23.577116031 +0000 UTC" Pid=398833 ProcessID=6eea02d0476a315cf5806a7b1f4d81a1638fc73d7584b680a5358847250c84e2 containerID=c11c47ad9f6f9bb80eb7a8fdb8a949fe6b5c56cbea96bb677f7a6e121bb6877e module=libcontainerd namespace=moby topic=/tasks/exit
Mar 10 21:09:23 mypc dockerd[353192]: time="2026-03-10T21:09:23.650416277+08:00" level=info msg="handled exit event processID=6eea02d0476a315cf5806a7b1f4d81a1638fc73d7584b680a5358847250c84e2 containerID=c11c47ad9f6f9bb80eb7a8fdb8a949fe6b5c56cbea96bb677f7a6e121bb6877e pid=398833" module=libcontainerd namespace=moby
Mar 10 21:09:23 mypc dockerd[353192]: time="2026-03-10T21:09:23.720183314+08:00" level=info msg=event Pid=398892 containerID=c11c47ad9f6f9bb80eb7a8fdb8a949fe6b5c56cbea96bb677f7a6e121bb6877e execID=73ea0f1810c50fcd42be9158e85a3b4360ac8a78721bc3a484a41f915f3728d5 module=libcontainerd namespace=moby topic=/tasks/exec-started
Mar 10 21:09:23 mypc dockerd[353200]: time="2026-03-10T21:09:23.807923346+08:00" level=info msg="exit-del moby/c11c47ad9f6f9bb80eb7a8fdb8a949fe6b5c56cbea96bb677f7a6e121bb6877e.398892.0 error=<nil>"
Mar 10 21:09:23 mypc dockerd[353192]: time="2026-03-10T21:09:23.808275917+08:00" level=info msg=event ExitStatus=0 ExitedAt="2026-03-10 13:09:23.782381576 +0000 UTC" Pid=398892 ProcessID=73ea0f1810c50fcd42be9158e85a3b4360ac8a78721bc3a484a41f915f3728d5 containerID=c11c47ad9f6f9bb80eb7a8fdb8a949fe6b5c56cbea96bb677f7a6e121bb6877e module=libcontainerd namespace=moby topic=/tasks/exit
Mar 10 21:09:23 mypc dockerd[353192]: time="2026-03-10T21:09:23.843577427+08:00" level=info msg="handled exit event processID=73ea0f1810c50fcd42be9158e85a3b4360ac8a78721bc3a484a41f915f3728d5 containerID=c11c47ad9f6f9bb80eb7a8fdb8a949fe6b5c56cbea96bb677f7a6e121bb6877e pid=398892" module=libcontainerd namespace=moby
Mar 10 21:09:23 mypc dockerd[353192]: time="2026-03-10T21:09:23.909622080+08:00" level=info msg=event Pid=398950 containerID=c11c47ad9f6f9bb80eb7a8fdb8a949fe6b5c56cbea96bb677f7a6e121bb6877e execID=1c888747a4a15e08d0c9cfdd010005e7b749c6ec7c203150ccde2b709600c2fb module=libcontainerd namespace=moby topic=/tasks/exec-started
Mar 10 21:09:24 mypc dockerd[353200]: time="2026-03-10T21:09:24.001460772+08:00" level=info msg="exit-del moby/c11c47ad9f6f9bb80eb7a8fdb8a949fe6b5c56cbea96bb677f7a6e121bb6877e.398950.0 error=<nil>"
Mar 10 21:09:24 mypc dockerd[353192]: time="2026-03-10T21:09:24.001964300+08:00" level=info msg=event ExitStatus=0 ExitedAt="2026-03-10 13:09:23.973275744 +0000 UTC" Pid=398950 ProcessID=1c888747a4a15e08d0c9cfdd010005e7b749c6ec7c203150ccde2b709600c2fb containerID=c11c47ad9f6f9bb80eb7a8fdb8a949fe6b5c56cbea96bb677f7a6e121bb6877e module=libcontainerd namespace=moby topic=/tasks/exit
Mar 10 21:09:24 mypc dockerd[353192]: time="2026-03-10T21:09:24.039813254+08:00" level=info msg="handled exit event processID=1c888747a4a15e08d0c9cfdd010005e7b749c6ec7c203150ccde2b709600c2fb containerID=c11c47ad9f6f9bb80eb7a8fdb8a949fe6b5c56cbea96bb677f7a6e121bb6877e pid=398950" module=libcontainerd namespace=moby
Mar 10 21:09:24 mypc dockerd[353192]: time="2026-03-10T21:09:24.104362112+08:00" level=info msg=event Pid=399008 containerID=c11c47ad9f6f9bb80eb7a8fdb8a949fe6b5c56cbea96bb677f7a6e121bb6877e execID=5e8f8abde7c7e3fb312d6ad0e145659577c187228795d1b209a9ea056dc80735 module=libcontainerd namespace=moby topic=/tasks/exec-started
Mar 10 21:09:24 mypc dockerd[353200]: time="2026-03-10T21:09:24.199089197+08:00" level=info msg="exit-del moby/c11c47ad9f6f9bb80eb7a8fdb8a949fe6b5c56cbea96bb677f7a6e121bb6877e.399008.0 error=<nil>"
Mar 10 21:09:24 mypc dockerd[353192]: time="2026-03-10T21:09:24.199439665+08:00" level=info msg=event ExitStatus=0 ExitedAt="2026-03-10 13:09:24.171969105 +0000 UTC" Pid=399008 ProcessID=5e8f8abde7c7e3fb312d6ad0e145659577c187228795d1b209a9ea056dc80735 containerID=c11c47ad9f6f9bb80eb7a8fdb8a949fe6b5c56cbea96bb677f7a6e121bb6877e module=libcontainerd namespace=moby topic=/tasks/exit
Mar 10 21:09:24 mypc dockerd[353192]: time="2026-03-10T21:09:24.234916778+08:00" level=info msg="handled exit event processID=5e8f8abde7c7e3fb312d6ad0e145659577c187228795d1b209a9ea056dc80735 containerID=c11c47ad9f6f9bb80eb7a8fdb8a949fe6b5c56cbea96bb677f7a6e121bb6877e pid=399008" module=libcontainerd namespace=moby
Mar 10 21:09:24 mypc dockerd[353192]: time="2026-03-10T21:09:24.300468994+08:00" level=info msg=event Pid=399068 containerID=c11c47ad9f6f9bb80eb7a8fdb8a949fe6b5c56cbea96bb677f7a6e121bb6877e execID=75690f0389affb88a955a62af315b0f1810b5189191edc11291fba9ab8d6c955 module=libcontainerd namespace=moby topic=/tasks/exec-started
Mar 10 21:09:24 mypc dockerd[353200]: time="2026-03-10T21:09:24.403821943+08:00" level=info msg="exit-del moby/c11c47ad9f6f9bb80eb7a8fdb8a949fe6b5c56cbea96bb677f7a6e121bb6877e.399068.0 error=<nil>"
Mar 10 21:09:24 mypc dockerd[353192]: time="2026-03-10T21:09:24.404379805+08:00" level=info msg=event ExitStatus=0 ExitedAt="2026-03-10 13:09:24.369603352 +0000 UTC" Pid=399068 ProcessID=75690f0389affb88a955a62af315b0f1810b5189191edc11291fba9ab8d6c955 containerID=c11c47ad9f6f9bb80eb7a8fdb8a949fe6b5c56cbea96bb677f7a6e121bb6877e module=libcontainerd namespace=moby topic=/tasks/exit
Mar 10 21:09:24 mypc dockerd[353192]: time="2026-03-10T21:09:24.444593466+08:00" level=info msg="handled exit event processID=75690f0389affb88a955a62af315b0f1810b5189191edc11291fba9ab8d6c955 containerID=c11c47ad9f6f9bb80eb7a8fdb8a949fe6b5c56cbea96bb677f7a6e121bb6877e pid=399068" module=libcontainerd namespace=moby
Mar 10 21:09:24 mypc dockerd[353192]: time="2026-03-10T21:09:24.512813644+08:00" level=info msg=event Pid=399127 containerID=c11c47ad9f6f9bb80eb7a8fdb8a949fe6b5c56cbea96bb677f7a6e121bb6877e execID=c1936cbdab2ff9c03e1ac469087cb488384c1fb4873c1eec808c9d3ccddc88b4 module=libcontainerd namespace=moby topic=/tasks/exec-started
Mar 10 21:09:24 mypc dockerd[353200]: time="2026-03-10T21:09:24.612720400+08:00" level=info msg="exit-del moby/c11c47ad9f6f9bb80eb7a8fdb8a949fe6b5c56cbea96bb677f7a6e121bb6877e.399127.0 error=<nil>"
Mar 10 21:09:24 mypc dockerd[353192]: time="2026-03-10T21:09:24.613707427+08:00" level=info msg=event ExitStatus=0 ExitedAt="2026-03-10 13:09:24.58422359 +0000 UTC" Pid=399127 ProcessID=c1936cbdab2ff9c03e1ac469087cb488384c1fb4873c1eec808c9d3ccddc88b4 containerID=c11c47ad9f6f9bb80eb7a8fdb8a949fe6b5c56cbea96bb677f7a6e121bb6877e module=libcontainerd namespace=moby topic=/tasks/exit
Mar 10 21:09:24 mypc dockerd[353192]: time="2026-03-10T21:09:24.651440388+08:00" level=info msg="handled exit event processID=c1936cbdab2ff9c03e1ac469087cb488384c1fb4873c1eec808c9d3ccddc88b4 containerID=c11c47ad9f6f9bb80eb7a8fdb8a949fe6b5c56cbea96bb677f7a6e121bb6877e pid=399127" module=libcontainerd namespace=moby
Mar 10 21:09:24 mypc dockerd[353192]: time="2026-03-10T21:09:24.704118315+08:00" level=info msg=event Pid=399184 containerID=c11c47ad9f6f9bb80eb7a8fdb8a949fe6b5c56cbea96bb677f7a6e121bb6877e execID=1aec0f1aa815cc06688040177732a032c9aaf1ba9426ef69e77ffe1db7fc2f5f module=libcontainerd namespace=moby topic=/tasks/exec-started
Mar 10 21:09:24 mypc dockerd[353200]: time="2026-03-10T21:09:24.802755526+08:00" level=info msg="exit-del moby/c11c47ad9f6f9bb80eb7a8fdb8a949fe6b5c56cbea96bb677f7a6e121bb6877e.399184.0 error=<nil>"
Mar 10 21:09:24 mypc dockerd[353192]: time="2026-03-10T21:09:24.803196145+08:00" level=info msg=event ExitStatus=0 ExitedAt="2026-03-10 13:09:24.775289366 +0000 UTC" Pid=399184 ProcessID=1aec0f1aa815cc06688040177732a032c9aaf1ba9426ef69e77ffe1db7fc2f5f containerID=c11c47ad9f6f9bb80eb7a8fdb8a949fe6b5c56cbea96bb677f7a6e121bb6877e module=libcontainerd namespace=moby topic=/tasks/exit
Mar 10 21:09:24 mypc dockerd[353192]: time="2026-03-10T21:09:24.840009730+08:00" level=info msg="handled exit event processID=1aec0f1aa815cc06688040177732a032c9aaf1ba9426ef69e77ffe1db7fc2f5f containerID=c11c47ad9f6f9bb80eb7a8fdb8a949fe6b5c56cbea96bb677f7a6e121bb6877e pid=399184" module=libcontainerd namespace=moby
Mar 10 21:09:24 mypc dockerd[353192]: time="2026-03-10T21:09:24.907115760+08:00" level=info msg=event Pid=399243 containerID=c11c47ad9f6f9bb80eb7a8fdb8a949fe6b5c56cbea96bb677f7a6e121bb6877e execID=58b4480a0b976b2675472c4cdbc01aaa4599b22794199e74caf621694ba0194b module=libcontainerd namespace=moby topic=/tasks/exec-started
Mar 10 21:09:24 mypc dockerd[353200]: time="2026-03-10T21:09:24.998407573+08:00" level=info msg="exit-del moby/c11c47ad9f6f9bb80eb7a8fdb8a949fe6b5c56cbea96bb677f7a6e121bb6877e.399243.0 error=<nil>"
Mar 10 21:09:24 mypc dockerd[353192]: time="2026-03-10T21:09:24.998891203+08:00" level=info msg=event ExitStatus=0 ExitedAt="2026-03-10 13:09:24.9694021 +0000 UTC" Pid=399243 ProcessID=58b4480a0b976b2675472c4cdbc01aaa4599b22794199e74caf621694ba0194b containerID=c11c47ad9f6f9bb80eb7a8fdb8a949fe6b5c56cbea96bb677f7a6e121bb6877e module=libcontainerd namespace=moby topic=/tasks/exit
Mar 10 21:09:25 mypc dockerd[353192]: time="2026-03-10T21:09:25.031266018+08:00" level=info msg="handled exit event processID=58b4480a0b976b2675472c4cdbc01aaa4599b22794199e74caf621694ba0194b containerID=c11c47ad9f6f9bb80eb7a8fdb8a949fe6b5c56cbea96bb677f7a6e121bb6877e pid=399243" module=libcontainerd namespace=moby
Mar 10 21:09:25 mypc dockerd[353192]: time="2026-03-10T21:09:25.100789152+08:00" level=info msg=event Pid=399303 containerID=c11c47ad9f6f9bb80eb7a8fdb8a949fe6b5c56cbea96bb677f7a6e121bb6877e execID=f5efe01a25902fd41add21d98abb2ac1390b2a6ecd4d0bf46657b9797c81b370 module=libcontainerd namespace=moby topic=/tasks/exec-started
Mar 10 21:09:25 mypc dockerd[353200]: time="2026-03-10T21:09:25.197826664+08:00" level=info msg="exit-del moby/c11c47ad9f6f9bb80eb7a8fdb8a949fe6b5c56cbea96bb677f7a6e121bb6877e.399303.0 error=<nil>"
Mar 10 21:09:25 mypc dockerd[353192]: time="2026-03-10T21:09:25.198071698+08:00" level=info msg=event ExitStatus=0 ExitedAt="2026-03-10 13:09:25.170058186 +0000 UTC" Pid=399303 ProcessID=f5efe01a25902fd41add21d98abb2ac1390b2a6ecd4d0bf46657b9797c81b370 containerID=c11c47ad9f6f9bb80eb7a8fdb8a949fe6b5c56cbea96bb677f7a6e121bb6877e module=libcontainerd namespace=moby topic=/tasks/exit
Mar 10 21:09:25 mypc dockerd[353192]: time="2026-03-10T21:09:25.234043285+08:00" level=info msg="handled exit event processID=f5efe01a25902fd41add21d98abb2ac1390b2a6ecd4d0bf46657b9797c81b370 containerID=c11c47ad9f6f9bb80eb7a8fdb8a949fe6b5c56cbea96bb677f7a6e121bb6877e pid=399303" module=libcontainerd namespace=moby
Mar 10 21:09:25 mypc dockerd[353192]: time="2026-03-10T21:09:25.298972025+08:00" level=info msg=event Pid=399361 containerID=c11c47ad9f6f9bb80eb7a8fdb8a949fe6b5c56cbea96bb677f7a6e121bb6877e execID=07ae7a3b8ce9adec2048882ab4f7b325308514afa6ecefb034e84f3bac279711 module=libcontainerd namespace=moby topic=/tasks/exec-started
Mar 10 21:09:25 mypc dockerd[353200]: time="2026-03-10T21:09:25.398328033+08:00" level=info msg="exit-del moby/c11c47ad9f6f9bb80eb7a8fdb8a949fe6b5c56cbea96bb677f7a6e121bb6877e.399361.0 error=<nil>"
Mar 10 21:09:25 mypc dockerd[353192]: time="2026-03-10T21:09:25.398566527+08:00" level=info msg=event ExitStatus=0 ExitedAt="2026-03-10 13:09:25.371428851 +0000 UTC" Pid=399361 ProcessID=07ae7a3b8ce9adec2048882ab4f7b325308514afa6ecefb034e84f3bac279711 containerID=c11c47ad9f6f9bb80eb7a8fdb8a949fe6b5c56cbea96bb677f7a6e121bb6877e module=libcontainerd namespace=moby topic=/tasks/exit
Mar 10 21:09:25 mypc dockerd[353192]: time="2026-03-10T21:09:25.434058900+08:00" level=info msg="handled exit event processID=07ae7a3b8ce9adec2048882ab4f7b325308514afa6ecefb034e84f3bac279711 containerID=c11c47ad9f6f9bb80eb7a8fdb8a949fe6b5c56cbea96bb677f7a6e121bb6877e pid=399361" module=libcontainerd namespace=moby
Mar 10 21:09:25 mypc dockerd[353192]: time="2026-03-10T21:09:25.499156271+08:00" level=info msg=event Pid=399420 containerID=c11c47ad9f6f9bb80eb7a8fdb8a949fe6b5c56cbea96bb677f7a6e121bb6877e execID=674020fa974b688952ffbca4e417383112e549f181f626a701d889a192eadeae module=libcontainerd namespace=moby topic=/tasks/exec-started
Mar 10 21:09:25 mypc dockerd[353200]: time="2026-03-10T21:09:25.596900614+08:00" level=info msg="exit-del moby/c11c47ad9f6f9bb80eb7a8fdb8a949fe6b5c56cbea96bb677f7a6e121bb6877e.399420.0 error=<nil>"
Mar 10 21:09:25 mypc dockerd[353192]: time="2026-03-10T21:09:25.597294243+08:00" level=info msg=event ExitStatus=0 ExitedAt="2026-03-10 13:09:25.566347223 +0000 UTC" Pid=399420 ProcessID=674020fa974b688952ffbca4e417383112e549f181f626a701d889a192eadeae containerID=c11c47ad9f6f9bb80eb7a8fdb8a949fe6b5c56cbea96bb677f7a6e121bb6877e module=libcontainerd namespace=moby topic=/tasks/exit
Mar 10 21:09:25 mypc dockerd[353192]: time="2026-03-10T21:09:25.633198520+08:00" level=info msg="handled exit event processID=674020fa974b688952ffbca4e417383112e549f181f626a701d889a192eadeae containerID=c11c47ad9f6f9bb80eb7a8fdb8a949fe6b5c56cbea96bb677f7a6e121bb6877e pid=399420" module=libcontainerd namespace=moby
Mar 10 21:09:25 mypc dockerd[353192]: time="2026-03-10T21:09:25.706720611+08:00" level=info msg=event Pid=399478 containerID=c11c47ad9f6f9bb80eb7a8fdb8a949fe6b5c56cbea96bb677f7a6e121bb6877e execID=4979dff832b238825a3c99c2c4f54c83dc0fa66233e20ea82640cd4ad3b8e108 module=libcontainerd namespace=moby topic=/tasks/exec-started
Mar 10 21:09:25 mypc dockerd[353200]: time="2026-03-10T21:09:25.807520434+08:00" level=info msg="exit-del moby/c11c47ad9f6f9bb80eb7a8fdb8a949fe6b5c56cbea96bb677f7a6e121bb6877e.399478.0 error=<nil>"
Mar 10 21:09:25 mypc dockerd[353192]: time="2026-03-10T21:09:25.807924613+08:00" level=info msg=event ExitStatus=0 ExitedAt="2026-03-10 13:09:25.774622526 +0000 UTC" Pid=399478 ProcessID=4979dff832b238825a3c99c2c4f54c83dc0fa66233e20ea82640cd4ad3b8e108 containerID=c11c47ad9f6f9bb80eb7a8fdb8a949fe6b5c56cbea96bb677f7a6e121bb6877e module=libcontainerd namespace=moby topic=/tasks/exit
Mar 10 21:09:25 mypc dockerd[353192]: time="2026-03-10T21:09:25.847067198+08:00" level=info msg="handled exit event processID=4979dff832b238825a3c99c2c4f54c83dc0fa66233e20ea82640cd4ad3b8e108 containerID=c11c47ad9f6f9bb80eb7a8fdb8a949fe6b5c56cbea96bb677f7a6e121bb6877e pid=399478" module=libcontainerd namespace=moby
Mar 10 21:09:25 mypc dockerd[353192]: time="2026-03-10T21:09:25.924843409+08:00" level=info msg=event Pid=399536 containerID=c11c47ad9f6f9bb80eb7a8fdb8a949fe6b5c56cbea96bb677f7a6e121bb6877e execID=ae989cd7003c63ffc00d34a8ffa9448c93daa40f8716f6fdf966d23b5faae198 module=libcontainerd namespace=moby topic=/tasks/exec-started
Mar 10 21:09:26 mypc dockerd[353200]: time="2026-03-10T21:09:26.018110710+08:00" level=info msg="exit-del moby/c11c47ad9f6f9bb80eb7a8fdb8a949fe6b5c56cbea96bb677f7a6e121bb6877e.399536.0 error=<nil>"
Mar 10 21:09:26 mypc dockerd[353192]: time="2026-03-10T21:09:26.018343407+08:00" level=info msg=event ExitStatus=0 ExitedAt="2026-03-10 13:09:25.990415312 +0000 UTC" Pid=399536 ProcessID=ae989cd7003c63ffc00d34a8ffa9448c93daa40f8716f6fdf966d23b5faae198 containerID=c11c47ad9f6f9bb80eb7a8fdb8a949fe6b5c56cbea96bb677f7a6e121bb6877e module=libcontainerd namespace=moby topic=/tasks/exit
Mar 10 21:09:26 mypc dockerd[353192]: time="2026-03-10T21:09:26.051844177+08:00" level=info msg="handled exit event processID=ae989cd7003c63ffc00d34a8ffa9448c93daa40f8716f6fdf966d23b5faae198 containerID=c11c47ad9f6f9bb80eb7a8fdb8a949fe6b5c56cbea96bb677f7a6e121bb6877e pid=399536" module=libcontainerd namespace=moby
Mar 10 21:09:26 mypc dockerd[353192]: time="2026-03-10T21:09:26.123614247+08:00" level=info msg=event Pid=399596 containerID=c11c47ad9f6f9bb80eb7a8fdb8a949fe6b5c56cbea96bb677f7a6e121bb6877e execID=b807438fd15decf8d1db7f945b5eb94644e012bd3aa818ed6d66a853fd14cd17 module=libcontainerd namespace=moby topic=/tasks/exec-started
Mar 10 21:09:26 mypc dockerd[353200]: time="2026-03-10T21:09:26.217607447+08:00" level=info msg="exit-del moby/c11c47ad9f6f9bb80eb7a8fdb8a949fe6b5c56cbea96bb677f7a6e121bb6877e.399596.0 error=<nil>"
Mar 10 21:09:26 mypc dockerd[353192]: time="2026-03-10T21:09:26.217888291+08:00" level=info msg=event ExitStatus=0 ExitedAt="2026-03-10 13:09:26.188936806 +0000 UTC" Pid=399596 ProcessID=b807438fd15decf8d1db7f945b5eb94644e012bd3aa818ed6d66a853fd14cd17 containerID=c11c47ad9f6f9bb80eb7a8fdb8a949fe6b5c56cbea96bb677f7a6e121bb6877e module=libcontainerd namespace=moby topic=/tasks/exit
Mar 10 21:09:26 mypc dockerd[353192]: time="2026-03-10T21:09:26.251771171+08:00" level=info msg="handled exit event processID=b807438fd15decf8d1db7f945b5eb94644e012bd3aa818ed6d66a853fd14cd17 containerID=c11c47ad9f6f9bb80eb7a8fdb8a949fe6b5c56cbea96bb677f7a6e121bb6877e pid=399596" module=libcontainerd namespace=moby
Mar 10 21:09:26 mypc dockerd[353192]: time="2026-03-10T21:09:26.318637239+08:00" level=info msg=event Pid=399653 containerID=c11c47ad9f6f9bb80eb7a8fdb8a949fe6b5c56cbea96bb677f7a6e121bb6877e execID=b0bd76c511711842cbd749460cc8aa6bd2c3352de8de57bc255903a8e2620f77 module=libcontainerd namespace=moby topic=/tasks/exec-started
Mar 10 21:09:26 mypc dockerd[353200]: time="2026-03-10T21:09:26.413268862+08:00" level=info msg="exit-del moby/c11c47ad9f6f9bb80eb7a8fdb8a949fe6b5c56cbea96bb677f7a6e121bb6877e.399653.0 error=<nil>"
Mar 10 21:09:26 mypc dockerd[353192]: time="2026-03-10T21:09:26.413748305+08:00" level=info msg=event ExitStatus=0 ExitedAt="2026-03-10 13:09:26.384790858 +0000 UTC" Pid=399653 ProcessID=b0bd76c511711842cbd749460cc8aa6bd2c3352de8de57bc255903a8e2620f77 containerID=c11c47ad9f6f9bb80eb7a8fdb8a949fe6b5c56cbea96bb677f7a6e121bb6877e module=libcontainerd namespace=moby topic=/tasks/exit
Mar 10 21:09:26 mypc dockerd[353192]: time="2026-03-10T21:09:26.450094491+08:00" level=info msg="handled exit event processID=b0bd76c511711842cbd749460cc8aa6bd2c3352de8de57bc255903a8e2620f77 containerID=c11c47ad9f6f9bb80eb7a8fdb8a949fe6b5c56cbea96bb677f7a6e121bb6877e pid=399653" module=libcontainerd namespace=moby
Mar 10 21:09:26 mypc dockerd[353192]: time="2026-03-10T21:09:26.515808114+08:00" level=info msg=event Pid=399711 containerID=c11c47ad9f6f9bb80eb7a8fdb8a949fe6b5c56cbea96bb677f7a6e121bb6877e execID=9f2d30712cdfca7fb2a65a9fdda5e2aa3db83c8b73fe12275ba056f8ff1dc76b module=libcontainerd namespace=moby topic=/tasks/exec-started
Mar 10 21:09:26 mypc dockerd[353200]: time="2026-03-10T21:09:26.613814626+08:00" level=info msg="exit-del moby/c11c47ad9f6f9bb80eb7a8fdb8a949fe6b5c56cbea96bb677f7a6e121bb6877e.399711.0 error=<nil>"
Mar 10 21:09:26 mypc dockerd[353192]: time="2026-03-10T21:09:26.614207683+08:00" level=info msg=event ExitStatus=0 ExitedAt="2026-03-10 13:09:26.585932265 +0000 UTC" Pid=399711 ProcessID=9f2d30712cdfca7fb2a65a9fdda5e2aa3db83c8b73fe12275ba056f8ff1dc76b containerID=c11c47ad9f6f9bb80eb7a8fdb8a949fe6b5c56cbea96bb677f7a6e121bb6877e module=libcontainerd namespace=moby topic=/tasks/exit
Mar 10 21:09:26 mypc dockerd[353192]: time="2026-03-10T21:09:26.651102922+08:00" level=info msg="handled exit event processID=9f2d30712cdfca7fb2a65a9fdda5e2aa3db83c8b73fe12275ba056f8ff1dc76b containerID=c11c47ad9f6f9bb80eb7a8fdb8a949fe6b5c56cbea96bb677f7a6e121bb6877e pid=399711" module=libcontainerd namespace=moby
Mar 10 21:09:26 mypc dockerd[353192]: time="2026-03-10T21:09:26.720283861+08:00" level=info msg=event Pid=399770 containerID=c11c47ad9f6f9bb80eb7a8fdb8a949fe6b5c56cbea96bb677f7a6e121bb6877e execID=bc158a3e644bc130024b5bd070331693eda9b20463587fd8b6467bf612970773 module=libcontainerd namespace=moby topic=/tasks/exec-started
Mar 10 21:09:26 mypc dockerd[353200]: time="2026-03-10T21:09:26.838466600+08:00" level=info msg="exit-del moby/c11c47ad9f6f9bb80eb7a8fdb8a949fe6b5c56cbea96bb677f7a6e121bb6877e.399770.0 error=<nil>"
Mar 10 21:09:26 mypc dockerd[353192]: time="2026-03-10T21:09:26.838792179+08:00" level=info msg=event ExitStatus=0 ExitedAt="2026-03-10 13:09:26.805828434 +0000 UTC" Pid=399770 ProcessID=bc158a3e644bc130024b5bd070331693eda9b20463587fd8b6467bf612970773 containerID=c11c47ad9f6f9bb80eb7a8fdb8a949fe6b5c56cbea96bb677f7a6e121bb6877e module=libcontainerd namespace=moby topic=/tasks/exit
Mar 10 21:09:26 mypc dockerd[353192]: time="2026-03-10T21:09:26.873888209+08:00" level=info msg="handled exit event processID=bc158a3e644bc130024b5bd070331693eda9b20463587fd8b6467bf612970773 containerID=c11c47ad9f6f9bb80eb7a8fdb8a949fe6b5c56cbea96bb677f7a6e121bb6877e pid=399770" module=libcontainerd namespace=moby
Mar 10 21:09:26 mypc dockerd[353192]: time="2026-03-10T21:09:26.942608810+08:00" level=info msg=event Pid=399829 containerID=c11c47ad9f6f9bb80eb7a8fdb8a949fe6b5c56cbea96bb677f7a6e121bb6877e execID=988db2f026a9a63dfb50759f636e5c29648f47b0ab23f2231465eb110862a1c8 module=libcontainerd namespace=moby topic=/tasks/exec-started
Mar 10 21:09:27 mypc dockerd[353200]: time="2026-03-10T21:09:27.038936760+08:00" level=info msg="exit-del moby/c11c47ad9f6f9bb80eb7a8fdb8a949fe6b5c56cbea96bb677f7a6e121bb6877e.399829.0 error=<nil>"
Mar 10 21:09:27 mypc dockerd[353192]: time="2026-03-10T21:09:27.039249785+08:00" level=info msg=event ExitStatus=0 ExitedAt="2026-03-10 13:09:27.009759022 +0000 UTC" Pid=399829 ProcessID=988db2f026a9a63dfb50759f636e5c29648f47b0ab23f2231465eb110862a1c8 containerID=c11c47ad9f6f9bb80eb7a8fdb8a949fe6b5c56cbea96bb677f7a6e121bb6877e module=libcontainerd namespace=moby topic=/tasks/exit
Mar 10 21:09:27 mypc dockerd[353192]: time="2026-03-10T21:09:27.076672634+08:00" level=info msg="handled exit event processID=988db2f026a9a63dfb50759f636e5c29648f47b0ab23f2231465eb110862a1c8 containerID=c11c47ad9f6f9bb80eb7a8fdb8a949fe6b5c56cbea96bb677f7a6e121bb6877e pid=399829" module=libcontainerd namespace=moby
Mar 10 21:09:27 mypc dockerd[353192]: time="2026-03-10T21:09:27.140133067+08:00" level=info msg=event Pid=399892 containerID=c11c47ad9f6f9bb80eb7a8fdb8a949fe6b5c56cbea96bb677f7a6e121bb6877e execID=0f75a0518c9f7f826787f2f06851272fe374759713a5be1c12d6a00e6f387984 module=libcontainerd namespace=moby topic=/tasks/exec-started
Mar 10 21:09:27 mypc dockerd[353200]: time="2026-03-10T21:09:27.240902553+08:00" level=info msg="exit-del moby/c11c47ad9f6f9bb80eb7a8fdb8a949fe6b5c56cbea96bb677f7a6e121bb6877e.399892.0 error=<nil>"
Mar 10 21:09:27 mypc dockerd[353192]: time="2026-03-10T21:09:27.241313244+08:00" level=info msg=event ExitStatus=0 ExitedAt="2026-03-10 13:09:27.211664814 +0000 UTC" Pid=399892 ProcessID=0f75a0518c9f7f826787f2f06851272fe374759713a5be1c12d6a00e6f387984 containerID=c11c47ad9f6f9bb80eb7a8fdb8a949fe6b5c56cbea96bb677f7a6e121bb6877e module=libcontainerd namespace=moby topic=/tasks/exit
Mar 10 21:09:27 mypc dockerd[353192]: time="2026-03-10T21:09:27.278736529+08:00" level=info msg="handled exit event processID=0f75a0518c9f7f826787f2f06851272fe374759713a5be1c12d6a00e6f387984 containerID=c11c47ad9f6f9bb80eb7a8fdb8a949fe6b5c56cbea96bb677f7a6e121bb6877e pid=399892" module=libcontainerd namespace=moby
Mar 10 21:09:27 mypc dockerd[353192]: time="2026-03-10T21:09:27.348341769+08:00" level=info msg=event Pid=399949 containerID=c11c47ad9f6f9bb80eb7a8fdb8a949fe6b5c56cbea96bb677f7a6e121bb6877e execID=af53aaea8be3a89e296ce630beb2fb0bf5ebdc94f82c0eafe4a55ff003a408eb module=libcontainerd namespace=moby topic=/tasks/exec-started
Mar 10 21:09:27 mypc dockerd[353200]: time="2026-03-10T21:09:27.450953949+08:00" level=info msg="exit-del moby/c11c47ad9f6f9bb80eb7a8fdb8a949fe6b5c56cbea96bb677f7a6e121bb6877e.399949.0 error=<nil>"
Mar 10 21:09:27 mypc dockerd[353192]: time="2026-03-10T21:09:27.452678272+08:00" level=info msg=event ExitStatus=0 ExitedAt="2026-03-10 13:09:27.419179149 +0000 UTC" Pid=399949 ProcessID=af53aaea8be3a89e296ce630beb2fb0bf5ebdc94f82c0eafe4a55ff003a408eb containerID=c11c47ad9f6f9bb80eb7a8fdb8a949fe6b5c56cbea96bb677f7a6e121bb6877e module=libcontainerd namespace=moby topic=/tasks/exit
Mar 10 21:09:27 mypc dockerd[353192]: time="2026-03-10T21:09:27.496040161+08:00" level=info msg="handled exit event processID=af53aaea8be3a89e296ce630beb2fb0bf5ebdc94f82c0eafe4a55ff003a408eb containerID=c11c47ad9f6f9bb80eb7a8fdb8a949fe6b5c56cbea96bb677f7a6e121bb6877e pid=399949" module=libcontainerd namespace=moby
Mar 10 21:09:27 mypc dockerd[353192]: time="2026-03-10T21:09:27.578191933+08:00" level=info msg=event Pid=400008 containerID=c11c47ad9f6f9bb80eb7a8fdb8a949fe6b5c56cbea96bb677f7a6e121bb6877e execID=71bab83074e9e4032994d2797fd3817a173f577b9a06a4fe54caccbdb0b6efde module=libcontainerd namespace=moby topic=/tasks/exec-started
Mar 10 21:09:27 mypc dockerd[353200]: time="2026-03-10T21:09:27.675958668+08:00" level=info msg="exit-del moby/c11c47ad9f6f9bb80eb7a8fdb8a949fe6b5c56cbea96bb677f7a6e121bb6877e.400008.0 error=<nil>"
Mar 10 21:09:27 mypc dockerd[353192]: time="2026-03-10T21:09:27.676101862+08:00" level=info msg=event ExitStatus=0 ExitedAt="2026-03-10 13:09:27.647299569 +0000 UTC" Pid=400008 ProcessID=71bab83074e9e4032994d2797fd3817a173f577b9a06a4fe54caccbdb0b6efde containerID=c11c47ad9f6f9bb80eb7a8fdb8a949fe6b5c56cbea96bb677f7a6e121bb6877e module=libcontainerd namespace=moby topic=/tasks/exit
Mar 10 21:09:27 mypc dockerd[353192]: time="2026-03-10T21:09:27.710960939+08:00" level=info msg="handled exit event processID=71bab83074e9e4032994d2797fd3817a173f577b9a06a4fe54caccbdb0b6efde containerID=c11c47ad9f6f9bb80eb7a8fdb8a949fe6b5c56cbea96bb677f7a6e121bb6877e pid=400008" module=libcontainerd namespace=moby
Mar 10 21:09:27 mypc dockerd[353192]: time="2026-03-10T21:09:27.770986526+08:00" level=info msg=event Pid=400066 containerID=c11c47ad9f6f9bb80eb7a8fdb8a949fe6b5c56cbea96bb677f7a6e121bb6877e execID=90e49e608717a30674fa8cfbd8b4f4f0da1f7f21addedc08aaae0632d3a93303 module=libcontainerd namespace=moby topic=/tasks/exec-started
Mar 10 21:09:27 mypc dockerd[353200]: time="2026-03-10T21:09:27.873479249+08:00" level=info msg="exit-del moby/c11c47ad9f6f9bb80eb7a8fdb8a949fe6b5c56cbea96bb677f7a6e121bb6877e.400066.0 error=<nil>"
Mar 10 21:09:27 mypc dockerd[353192]: time="2026-03-10T21:09:27.873752929+08:00" level=info msg=event ExitStatus=0 ExitedAt="2026-03-10 13:09:27.846171008 +0000 UTC" Pid=400066 ProcessID=90e49e608717a30674fa8cfbd8b4f4f0da1f7f21addedc08aaae0632d3a93303 containerID=c11c47ad9f6f9bb80eb7a8fdb8a949fe6b5c56cbea96bb677f7a6e121bb6877e module=libcontainerd namespace=moby topic=/tasks/exit
Mar 10 21:09:27 mypc dockerd[353192]: time="2026-03-10T21:09:27.909849321+08:00" level=info msg="handled exit event processID=90e49e608717a30674fa8cfbd8b4f4f0da1f7f21addedc08aaae0632d3a93303 containerID=c11c47ad9f6f9bb80eb7a8fdb8a949fe6b5c56cbea96bb677f7a6e121bb6877e pid=400066" module=libcontainerd namespace=moby
Mar 10 21:09:27 mypc dockerd[353192]: time="2026-03-10T21:09:27.980829095+08:00" level=info msg=event Pid=400124 containerID=c11c47ad9f6f9bb80eb7a8fdb8a949fe6b5c56cbea96bb677f7a6e121bb6877e execID=1649f6f65c29df4536f32c2587f7243912a56c4f2c6b0f4d7a59321ecbb7e5df module=libcontainerd namespace=moby topic=/tasks/exec-started
Mar 10 21:09:28 mypc dockerd[353200]: time="2026-03-10T21:09:28.081613142+08:00" level=info msg="exit-del moby/c11c47ad9f6f9bb80eb7a8fdb8a949fe6b5c56cbea96bb677f7a6e121bb6877e.400124.0 error=<nil>"
Mar 10 21:09:28 mypc dockerd[353192]: time="2026-03-10T21:09:28.081808163+08:00" level=info msg=event ExitStatus=0 ExitedAt="2026-03-10 13:09:28.055110314 +0000 UTC" Pid=400124 ProcessID=1649f6f65c29df4536f32c2587f7243912a56c4f2c6b0f4d7a59321ecbb7e5df containerID=c11c47ad9f6f9bb80eb7a8fdb8a949fe6b5c56cbea96bb677f7a6e121bb6877e module=libcontainerd namespace=moby topic=/tasks/exit
Mar 10 21:09:28 mypc dockerd[353192]: time="2026-03-10T21:09:28.136806589+08:00" level=info msg="handled exit event processID=1649f6f65c29df4536f32c2587f7243912a56c4f2c6b0f4d7a59321ecbb7e5df containerID=c11c47ad9f6f9bb80eb7a8fdb8a949fe6b5c56cbea96bb677f7a6e121bb6877e pid=400124" module=libcontainerd namespace=moby
Mar 10 21:09:28 mypc dockerd[353192]: time="2026-03-10T21:09:28.202258745+08:00" level=info msg=event Pid=400182 containerID=c11c47ad9f6f9bb80eb7a8fdb8a949fe6b5c56cbea96bb677f7a6e121bb6877e execID=ad711ee11c9832db2a093593132c688faae162377621819f190c5cbc06389fa0 module=libcontainerd namespace=moby topic=/tasks/exec-started
Mar 10 21:09:28 mypc dockerd[353200]: time="2026-03-10T21:09:28.311374222+08:00" level=info msg="exit-del moby/c11c47ad9f6f9bb80eb7a8fdb8a949fe6b5c56cbea96bb677f7a6e121bb6877e.400182.0 error=<nil>"
Mar 10 21:09:28 mypc dockerd[353192]: time="2026-03-10T21:09:28.311613346+08:00" level=info msg=event ExitStatus=0 ExitedAt="2026-03-10 13:09:28.281189261 +0000 UTC" Pid=400182 ProcessID=ad711ee11c9832db2a093593132c688faae162377621819f190c5cbc06389fa0 containerID=c11c47ad9f6f9bb80eb7a8fdb8a949fe6b5c56cbea96bb677f7a6e121bb6877e module=libcontainerd namespace=moby topic=/tasks/exit
Mar 10 21:09:28 mypc dockerd[353192]: time="2026-03-10T21:09:28.347924378+08:00" level=info msg="handled exit event processID=ad711ee11c9832db2a093593132c688faae162377621819f190c5cbc06389fa0 containerID=c11c47ad9f6f9bb80eb7a8fdb8a949fe6b5c56cbea96bb677f7a6e121bb6877e pid=400182" module=libcontainerd namespace=moby
Mar 10 21:09:28 mypc dockerd[353192]: time="2026-03-10T21:09:28.429298241+08:00" level=info msg=event Pid=400240 containerID=c11c47ad9f6f9bb80eb7a8fdb8a949fe6b5c56cbea96bb677f7a6e121bb6877e execID=a4c1e3c9ab78ea64f7fe421bc288c5b826555d8e8722462d17e4480f4a7b901a module=libcontainerd namespace=moby topic=/tasks/exec-started
Mar 10 21:09:28 mypc dockerd[353200]: time="2026-03-10T21:09:28.554367672+08:00" level=info msg="exit-del moby/c11c47ad9f6f9bb80eb7a8fdb8a949fe6b5c56cbea96bb677f7a6e121bb6877e.400240.0 error=<nil>"
Mar 10 21:09:28 mypc dockerd[353192]: time="2026-03-10T21:09:28.554527378+08:00" level=info msg=event ExitStatus=0 ExitedAt="2026-03-10 13:09:28.518921701 +0000 UTC" Pid=400240 ProcessID=a4c1e3c9ab78ea64f7fe421bc288c5b826555d8e8722462d17e4480f4a7b901a containerID=c11c47ad9f6f9bb80eb7a8fdb8a949fe6b5c56cbea96bb677f7a6e121bb6877e module=libcontainerd namespace=moby topic=/tasks/exit
Mar 10 21:09:28 mypc dockerd[353192]: time="2026-03-10T21:09:28.593831500+08:00" level=info msg="handled exit event processID=a4c1e3c9ab78ea64f7fe421bc288c5b826555d8e8722462d17e4480f4a7b901a containerID=c11c47ad9f6f9bb80eb7a8fdb8a949fe6b5c56cbea96bb677f7a6e121bb6877e pid=400240" module=libcontainerd namespace=moby
Mar 10 21:09:28 mypc dockerd[353192]: time="2026-03-10T21:09:28.657017126+08:00" level=info msg=event Pid=400298 containerID=c11c47ad9f6f9bb80eb7a8fdb8a949fe6b5c56cbea96bb677f7a6e121bb6877e execID=90f5c990df81101243a17d84b8aaf44b249dc2ff7bc58ec0ab1b8c81a859ab1a module=libcontainerd namespace=moby topic=/tasks/exec-started
Mar 10 21:09:28 mypc dockerd[353200]: time="2026-03-10T21:09:28.790269602+08:00" level=info msg="exit-del moby/c11c47ad9f6f9bb80eb7a8fdb8a949fe6b5c56cbea96bb677f7a6e121bb6877e.400298.0 error=<nil>"
Mar 10 21:09:28 mypc dockerd[353192]: time="2026-03-10T21:09:28.791149165+08:00" level=info msg=event ExitStatus=0 ExitedAt="2026-03-10 13:09:28.74790434 +0000 UTC" Pid=400298 ProcessID=90f5c990df81101243a17d84b8aaf44b249dc2ff7bc58ec0ab1b8c81a859ab1a containerID=c11c47ad9f6f9bb80eb7a8fdb8a949fe6b5c56cbea96bb677f7a6e121bb6877e module=libcontainerd namespace=moby topic=/tasks/exit
Mar 10 21:09:28 mypc dockerd[353192]: time="2026-03-10T21:09:28.862064189+08:00" level=info msg="handled exit event processID=90f5c990df81101243a17d84b8aaf44b249dc2ff7bc58ec0ab1b8c81a859ab1a containerID=c11c47ad9f6f9bb80eb7a8fdb8a949fe6b5c56cbea96bb677f7a6e121bb6877e pid=400298" module=libcontainerd namespace=moby
Mar 10 21:09:28 mypc dockerd[353192]: time="2026-03-10T21:09:28.928551083+08:00" level=info msg=event Pid=400356 containerID=c11c47ad9f6f9bb80eb7a8fdb8a949fe6b5c56cbea96bb677f7a6e121bb6877e execID=311bd02d8800c30d603f115c69cfba8697e7471278dc842bebec7cf4f7970181 module=libcontainerd namespace=moby topic=/tasks/exec-started
Mar 10 21:09:29 mypc dockerd[353200]: time="2026-03-10T21:09:29.086974060+08:00" level=info msg="exit-del moby/c11c47ad9f6f9bb80eb7a8fdb8a949fe6b5c56cbea96bb677f7a6e121bb6877e.400356.0 error=<nil>"
Mar 10 21:09:29 mypc dockerd[353192]: time="2026-03-10T21:09:29.087291864+08:00" level=info msg=event ExitStatus=0 ExitedAt="2026-03-10 13:09:29.038181839 +0000 UTC" Pid=400356 ProcessID=311bd02d8800c30d603f115c69cfba8697e7471278dc842bebec7cf4f7970181 containerID=c11c47ad9f6f9bb80eb7a8fdb8a949fe6b5c56cbea96bb677f7a6e121bb6877e module=libcontainerd namespace=moby topic=/tasks/exit
Mar 10 21:09:29 mypc dockerd[353192]: time="2026-03-10T21:09:29.155356732+08:00" level=info msg="handled exit event processID=311bd02d8800c30d603f115c69cfba8697e7471278dc842bebec7cf4f7970181 containerID=c11c47ad9f6f9bb80eb7a8fdb8a949fe6b5c56cbea96bb677f7a6e121bb6877e pid=400356" module=libcontainerd namespace=moby
Mar 10 21:09:29 mypc dockerd[353192]: time="2026-03-10T21:09:29.258003318+08:00" level=info msg=event Pid=400468 containerID=c11c47ad9f6f9bb80eb7a8fdb8a949fe6b5c56cbea96bb677f7a6e121bb6877e execID=6bf7be252c74458f594a92b4f13329e2891ae6a68ba2559d212d5cd453cd5ccd module=libcontainerd namespace=moby topic=/tasks/exec-started
Mar 10 21:09:29 mypc dockerd[353200]: time="2026-03-10T21:09:29.404766848+08:00" level=info msg="exit-del moby/c11c47ad9f6f9bb80eb7a8fdb8a949fe6b5c56cbea96bb677f7a6e121bb6877e.400468.0 error=<nil>"
Mar 10 21:09:29 mypc dockerd[353192]: time="2026-03-10T21:09:29.405118016+08:00" level=info msg=event ExitStatus=0 ExitedAt="2026-03-10 13:09:29.365889638 +0000 UTC" Pid=400468 ProcessID=6bf7be252c74458f594a92b4f13329e2891ae6a68ba2559d212d5cd453cd5ccd containerID=c11c47ad9f6f9bb80eb7a8fdb8a949fe6b5c56cbea96bb677f7a6e121bb6877e module=libcontainerd namespace=moby topic=/tasks/exit
Mar 10 21:09:29 mypc dockerd[353192]: time="2026-03-10T21:09:29.468143686+08:00" level=info msg="handled exit event processID=6bf7be252c74458f594a92b4f13329e2891ae6a68ba2559d212d5cd453cd5ccd containerID=c11c47ad9f6f9bb80eb7a8fdb8a949fe6b5c56cbea96bb677f7a6e121bb6877e pid=400468" module=libcontainerd namespace=moby
Mar 10 21:09:29 mypc dockerd[353192]: time="2026-03-10T21:09:29.563236562+08:00" level=info msg=event Pid=400546 containerID=c11c47ad9f6f9bb80eb7a8fdb8a949fe6b5c56cbea96bb677f7a6e121bb6877e execID=1338314b947b864c1c75c55b74f1ef4a486fef7c110d9abc12efc5161d2eaf91 module=libcontainerd namespace=moby topic=/tasks/exec-started
Mar 10 21:09:29 mypc dockerd[353200]: time="2026-03-10T21:09:29.690324551+08:00" level=info msg="exit-del moby/c11c47ad9f6f9bb80eb7a8fdb8a949fe6b5c56cbea96bb677f7a6e121bb6877e.400546.0 error=<nil>"
Mar 10 21:09:29 mypc dockerd[353192]: time="2026-03-10T21:09:29.690677553+08:00" level=info msg=event ExitStatus=0 ExitedAt="2026-03-10 13:09:29.649092223 +0000 UTC" Pid=400546 ProcessID=1338314b947b864c1c75c55b74f1ef4a486fef7c110d9abc12efc5161d2eaf91 containerID=c11c47ad9f6f9bb80eb7a8fdb8a949fe6b5c56cbea96bb677f7a6e121bb6877e module=libcontainerd namespace=moby topic=/tasks/exit
Mar 10 21:09:29 mypc dockerd[353192]: time="2026-03-10T21:09:29.774721805+08:00" level=info msg="handled exit event processID=1338314b947b864c1c75c55b74f1ef4a486fef7c110d9abc12efc5161d2eaf91 containerID=c11c47ad9f6f9bb80eb7a8fdb8a949fe6b5c56cbea96bb677f7a6e121bb6877e pid=400546" module=libcontainerd namespace=moby
Mar 10 21:09:29 mypc dockerd[353192]: time="2026-03-10T21:09:29.965658826+08:00" level=info msg=event Pid=400614 containerID=c11c47ad9f6f9bb80eb7a8fdb8a949fe6b5c56cbea96bb677f7a6e121bb6877e execID=8eeaf212b59836132283883ac061b7f0ebc084c6ae8a4c0238b7a285f423cb49 module=libcontainerd namespace=moby topic=/tasks/exec-started
Mar 10 21:09:30 mypc dockerd[353200]: time="2026-03-10T21:09:30.135994255+08:00" level=info msg="exit-del moby/c11c47ad9f6f9bb80eb7a8fdb8a949fe6b5c56cbea96bb677f7a6e121bb6877e.400614.0 error=<nil>"
Mar 10 21:09:30 mypc dockerd[353192]: time="2026-03-10T21:09:30.136793044+08:00" level=info msg=event ExitStatus=0 ExitedAt="2026-03-10 13:09:30.092513797 +0000 UTC" Pid=400614 ProcessID=8eeaf212b59836132283883ac061b7f0ebc084c6ae8a4c0238b7a285f423cb49 containerID=c11c47ad9f6f9bb80eb7a8fdb8a949fe6b5c56cbea96bb677f7a6e121bb6877e module=libcontainerd namespace=moby topic=/tasks/exit
Mar 10 21:09:30 mypc dockerd[353192]: time="2026-03-10T21:09:30.204437915+08:00" level=info msg="handled exit event processID=8eeaf212b59836132283883ac061b7f0ebc084c6ae8a4c0238b7a285f423cb49 containerID=c11c47ad9f6f9bb80eb7a8fdb8a949fe6b5c56cbea96bb677f7a6e121bb6877e pid=400614" module=libcontainerd namespace=moby
Mar 10 21:09:30 mypc dockerd[353192]: time="2026-03-10T21:09:30.289710380+08:00" level=info msg=event Pid=400701 containerID=c11c47ad9f6f9bb80eb7a8fdb8a949fe6b5c56cbea96bb677f7a6e121bb6877e execID=3b203dc209e9ef6ecd6ae8c921a025f465dd137cf298f39725e57cbe32cd7ea1 module=libcontainerd namespace=moby topic=/tasks/exec-started
Mar 10 21:09:30 mypc dockerd[353200]: time="2026-03-10T21:09:30.439003981+08:00" level=info msg="exit-del moby/c11c47ad9f6f9bb80eb7a8fdb8a949fe6b5c56cbea96bb677f7a6e121bb6877e.400701.0 error=<nil>"
Mar 10 21:09:30 mypc dockerd[353192]: time="2026-03-10T21:09:30.439517308+08:00" level=info msg=event ExitStatus=0 ExitedAt="2026-03-10 13:09:30.387193254 +0000 UTC" Pid=400701 ProcessID=3b203dc209e9ef6ecd6ae8c921a025f465dd137cf298f39725e57cbe32cd7ea1 containerID=c11c47ad9f6f9bb80eb7a8fdb8a949fe6b5c56cbea96bb677f7a6e121bb6877e module=libcontainerd namespace=moby topic=/tasks/exit
Mar 10 21:09:30 mypc dockerd[353192]: time="2026-03-10T21:09:30.481952743+08:00" level=info msg="handled exit event processID=3b203dc209e9ef6ecd6ae8c921a025f465dd137cf298f39725e57cbe32cd7ea1 containerID=c11c47ad9f6f9bb80eb7a8fdb8a949fe6b5c56cbea96bb677f7a6e121bb6877e pid=400701" module=libcontainerd namespace=moby
Mar 10 21:09:30 mypc dockerd[353192]: time="2026-03-10T21:09:30.568245558+08:00" level=info msg=event Pid=400814 containerID=c11c47ad9f6f9bb80eb7a8fdb8a949fe6b5c56cbea96bb677f7a6e121bb6877e execID=40cafe4660a06244acf12663685e2d34a55c6393688dd49b4c8ce3f2f7189c92 module=libcontainerd namespace=moby topic=/tasks/exec-started
Mar 10 21:09:30 mypc dockerd[353200]: time="2026-03-10T21:09:30.722907149+08:00" level=info msg="exit-del moby/c11c47ad9f6f9bb80eb7a8fdb8a949fe6b5c56cbea96bb677f7a6e121bb6877e.400814.0 error=<nil>"
Mar 10 21:09:30 mypc dockerd[353192]: time="2026-03-10T21:09:30.723166011+08:00" level=info msg=event ExitStatus=0 ExitedAt="2026-03-10 13:09:30.673985055 +0000 UTC" Pid=400814 ProcessID=40cafe4660a06244acf12663685e2d34a55c6393688dd49b4c8ce3f2f7189c92 containerID=c11c47ad9f6f9bb80eb7a8fdb8a949fe6b5c56cbea96bb677f7a6e121bb6877e module=libcontainerd namespace=moby topic=/tasks/exit
Mar 10 21:09:30 mypc dockerd[353192]: time="2026-03-10T21:09:30.780457540+08:00" level=info msg="handled exit event processID=40cafe4660a06244acf12663685e2d34a55c6393688dd49b4c8ce3f2f7189c92 containerID=c11c47ad9f6f9bb80eb7a8fdb8a949fe6b5c56cbea96bb677f7a6e121bb6877e pid=400814" module=libcontainerd namespace=moby
Mar 10 21:09:30 mypc dockerd[353192]: time="2026-03-10T21:09:30.888646644+08:00" level=info msg=event Pid=400943 containerID=c11c47ad9f6f9bb80eb7a8fdb8a949fe6b5c56cbea96bb677f7a6e121bb6877e execID=2f941035c8e15374d86f54a426e91e2b7d40f04ac40c678154e46fde2cd18897 module=libcontainerd namespace=moby topic=/tasks/exec-started
Mar 10 21:09:31 mypc dockerd[353200]: time="2026-03-10T21:09:31.020417533+08:00" level=info msg="exit-del moby/c11c47ad9f6f9bb80eb7a8fdb8a949fe6b5c56cbea96bb677f7a6e121bb6877e.400943.0 error=<nil>"
Mar 10 21:09:31 mypc dockerd[353192]: time="2026-03-10T21:09:31.020791073+08:00" level=info msg=event ExitStatus=0 ExitedAt="2026-03-10 13:09:30.990319868 +0000 UTC" Pid=400943 ProcessID=2f941035c8e15374d86f54a426e91e2b7d40f04ac40c678154e46fde2cd18897 containerID=c11c47ad9f6f9bb80eb7a8fdb8a949fe6b5c56cbea96bb677f7a6e121bb6877e module=libcontainerd namespace=moby topic=/tasks/exit
Mar 10 21:09:31 mypc dockerd[353192]: time="2026-03-10T21:09:31.064203749+08:00" level=info msg="handled exit event processID=2f941035c8e15374d86f54a426e91e2b7d40f04ac40c678154e46fde2cd18897 containerID=c11c47ad9f6f9bb80eb7a8fdb8a949fe6b5c56cbea96bb677f7a6e121bb6877e pid=400943" module=libcontainerd namespace=moby
Mar 10 21:09:31 mypc dockerd[353192]: time="2026-03-10T21:09:31.140261712+08:00" level=info msg=event Pid=401041 containerID=c11c47ad9f6f9bb80eb7a8fdb8a949fe6b5c56cbea96bb677f7a6e121bb6877e execID=60cc483896a2a8dcdd3c9a9c25a2b31fdf4b63c7fe0d9123018bf417e45a9faf module=libcontainerd namespace=moby topic=/tasks/exec-started
Mar 10 21:09:31 mypc dockerd[353200]: time="2026-03-10T21:09:31.238143424+08:00" level=info msg="exit-del moby/c11c47ad9f6f9bb80eb7a8fdb8a949fe6b5c56cbea96bb677f7a6e121bb6877e.401041.0 error=<nil>"
Mar 10 21:09:31 mypc dockerd[353192]: time="2026-03-10T21:09:31.238473394+08:00" level=info msg=event ExitStatus=0 ExitedAt="2026-03-10 13:09:31.206661828 +0000 UTC" Pid=401041 ProcessID=60cc483896a2a8dcdd3c9a9c25a2b31fdf4b63c7fe0d9123018bf417e45a9faf containerID=c11c47ad9f6f9bb80eb7a8fdb8a949fe6b5c56cbea96bb677f7a6e121bb6877e module=libcontainerd namespace=moby topic=/tasks/exit
Mar 10 21:09:31 mypc dockerd[353192]: time="2026-03-10T21:09:31.273793166+08:00" level=info msg="handled exit event processID=60cc483896a2a8dcdd3c9a9c25a2b31fdf4b63c7fe0d9123018bf417e45a9faf containerID=c11c47ad9f6f9bb80eb7a8fdb8a949fe6b5c56cbea96bb677f7a6e121bb6877e pid=401041" module=libcontainerd namespace=moby
Mar 10 21:09:31 mypc dockerd[353192]: time="2026-03-10T21:09:31.349490607+08:00" level=info msg=event Pid=401098 containerID=c11c47ad9f6f9bb80eb7a8fdb8a949fe6b5c56cbea96bb677f7a6e121bb6877e execID=92069d14d1bcbeb3bc70491e453bfb396c0cbd203f103d0236120cc95ae0b154 module=libcontainerd namespace=moby topic=/tasks/exec-started
Mar 10 21:09:31 mypc dockerd[353200]: time="2026-03-10T21:09:31.452874355+08:00" level=info msg="exit-del moby/c11c47ad9f6f9bb80eb7a8fdb8a949fe6b5c56cbea96bb677f7a6e121bb6877e.401098.0 error=<nil>"
Mar 10 21:09:31 mypc dockerd[353192]: time="2026-03-10T21:09:31.453043376+08:00" level=info msg=event ExitStatus=0 ExitedAt="2026-03-10 13:09:31.424101008 +0000 UTC" Pid=401098 ProcessID=92069d14d1bcbeb3bc70491e453bfb396c0cbd203f103d0236120cc95ae0b154 containerID=c11c47ad9f6f9bb80eb7a8fdb8a949fe6b5c56cbea96bb677f7a6e121bb6877e module=libcontainerd namespace=moby topic=/tasks/exit
Mar 10 21:09:31 mypc dockerd[353192]: time="2026-03-10T21:09:31.491516437+08:00" level=info msg="handled exit event processID=92069d14d1bcbeb3bc70491e453bfb396c0cbd203f103d0236120cc95ae0b154 containerID=c11c47ad9f6f9bb80eb7a8fdb8a949fe6b5c56cbea96bb677f7a6e121bb6877e pid=401098" module=libcontainerd namespace=moby
Mar 10 21:09:31 mypc dockerd[353192]: time="2026-03-10T21:09:31.561097144+08:00" level=info msg=event Pid=401161 containerID=c11c47ad9f6f9bb80eb7a8fdb8a949fe6b5c56cbea96bb677f7a6e121bb6877e execID=f81c0cb62bd06d5a69a5264d33ea06eda6fef18c7bf53d2b36f0254750df3045 module=libcontainerd namespace=moby topic=/tasks/exec-started
Mar 10 21:09:31 mypc dockerd[353200]: time="2026-03-10T21:09:31.662086709+08:00" level=info msg="exit-del moby/c11c47ad9f6f9bb80eb7a8fdb8a949fe6b5c56cbea96bb677f7a6e121bb6877e.401161.0 error=<nil>"
Mar 10 21:09:31 mypc dockerd[353192]: time="2026-03-10T21:09:31.662564607+08:00" level=info msg=event ExitStatus=0 ExitedAt="2026-03-10 13:09:31.63514189 +0000 UTC" Pid=401161 ProcessID=f81c0cb62bd06d5a69a5264d33ea06eda6fef18c7bf53d2b36f0254750df3045 containerID=c11c47ad9f6f9bb80eb7a8fdb8a949fe6b5c56cbea96bb677f7a6e121bb6877e module=libcontainerd namespace=moby topic=/tasks/exit
Mar 10 21:09:31 mypc dockerd[353192]: time="2026-03-10T21:09:31.704728517+08:00" level=info msg="handled exit event processID=f81c0cb62bd06d5a69a5264d33ea06eda6fef18c7bf53d2b36f0254750df3045 containerID=c11c47ad9f6f9bb80eb7a8fdb8a949fe6b5c56cbea96bb677f7a6e121bb6877e pid=401161" module=libcontainerd namespace=moby
Mar 10 21:09:31 mypc dockerd[353192]: time="2026-03-10T21:09:31.764659694+08:00" level=info msg=event Pid=401230 containerID=c11c47ad9f6f9bb80eb7a8fdb8a949fe6b5c56cbea96bb677f7a6e121bb6877e execID=38926fa9bf68eef0b5e64c19450b67319fc68a8f12fa07330266c5345419c635 module=libcontainerd namespace=moby topic=/tasks/exec-started
Mar 10 21:09:31 mypc dockerd[353200]: time="2026-03-10T21:09:31.864270257+08:00" level=info msg="exit-del moby/c11c47ad9f6f9bb80eb7a8fdb8a949fe6b5c56cbea96bb677f7a6e121bb6877e.401230.0 error=<nil>"
Mar 10 21:09:31 mypc dockerd[353192]: time="2026-03-10T21:09:31.864712628+08:00" level=info msg=event ExitStatus=0 ExitedAt="2026-03-10 13:09:31.834058215 +0000 UTC" Pid=401230 ProcessID=38926fa9bf68eef0b5e64c19450b67319fc68a8f12fa07330266c5345419c635 containerID=c11c47ad9f6f9bb80eb7a8fdb8a949fe6b5c56cbea96bb677f7a6e121bb6877e module=libcontainerd namespace=moby topic=/tasks/exit
Mar 10 21:09:31 mypc dockerd[353192]: time="2026-03-10T21:09:31.898607924+08:00" level=info msg="handled exit event processID=38926fa9bf68eef0b5e64c19450b67319fc68a8f12fa07330266c5345419c635 containerID=c11c47ad9f6f9bb80eb7a8fdb8a949fe6b5c56cbea96bb677f7a6e121bb6877e pid=401230" module=libcontainerd namespace=moby
Mar 10 21:09:31 mypc dockerd[353192]: time="2026-03-10T21:09:31.966220778+08:00" level=info msg=event Pid=401306 containerID=c11c47ad9f6f9bb80eb7a8fdb8a949fe6b5c56cbea96bb677f7a6e121bb6877e execID=d31b8408dd92ecf486d91c19a90d994a9e125bd7988e36071c96efa9b14e1c2b module=libcontainerd namespace=moby topic=/tasks/exec-started
Mar 10 21:09:32 mypc dockerd[353200]: time="2026-03-10T21:09:32.069954619+08:00" level=info msg="exit-del moby/c11c47ad9f6f9bb80eb7a8fdb8a949fe6b5c56cbea96bb677f7a6e121bb6877e.401306.0 error=<nil>"
Mar 10 21:09:32 mypc dockerd[353192]: time="2026-03-10T21:09:32.070364148+08:00" level=info msg=event ExitStatus=0 ExitedAt="2026-03-10 13:09:32.036098139 +0000 UTC" Pid=401306 ProcessID=d31b8408dd92ecf486d91c19a90d994a9e125bd7988e36071c96efa9b14e1c2b containerID=c11c47ad9f6f9bb80eb7a8fdb8a949fe6b5c56cbea96bb677f7a6e121bb6877e module=libcontainerd namespace=moby topic=/tasks/exit
Mar 10 21:09:32 mypc dockerd[353192]: time="2026-03-10T21:09:32.112610467+08:00" level=info msg="handled exit event processID=d31b8408dd92ecf486d91c19a90d994a9e125bd7988e36071c96efa9b14e1c2b containerID=c11c47ad9f6f9bb80eb7a8fdb8a949fe6b5c56cbea96bb677f7a6e121bb6877e pid=401306" module=libcontainerd namespace=moby
Mar 10 21:09:32 mypc dockerd[353192]: time="2026-03-10T21:09:32.177683411+08:00" level=info msg=event Pid=401373 containerID=c11c47ad9f6f9bb80eb7a8fdb8a949fe6b5c56cbea96bb677f7a6e121bb6877e execID=483053760f2e14c189ca331c80b76b11aec3007fb66e81f0d96abb842badeaeb module=libcontainerd namespace=moby topic=/tasks/exec-started
Mar 10 21:09:32 mypc dockerd[353200]: time="2026-03-10T21:09:32.273702722+08:00" level=info msg="exit-del moby/c11c47ad9f6f9bb80eb7a8fdb8a949fe6b5c56cbea96bb677f7a6e121bb6877e.401373.0 error=<nil>"
Mar 10 21:09:32 mypc dockerd[353192]: time="2026-03-10T21:09:32.274000190+08:00" level=info msg=event ExitStatus=0 ExitedAt="2026-03-10 13:09:32.244547452 +0000 UTC" Pid=401373 ProcessID=483053760f2e14c189ca331c80b76b11aec3007fb66e81f0d96abb842badeaeb containerID=c11c47ad9f6f9bb80eb7a8fdb8a949fe6b5c56cbea96bb677f7a6e121bb6877e module=libcontainerd namespace=moby topic=/tasks/exit
Mar 10 21:09:32 mypc dockerd[353192]: time="2026-03-10T21:09:32.315590089+08:00" level=info msg="handled exit event processID=483053760f2e14c189ca331c80b76b11aec3007fb66e81f0d96abb842badeaeb containerID=c11c47ad9f6f9bb80eb7a8fdb8a949fe6b5c56cbea96bb677f7a6e121bb6877e pid=401373" module=libcontainerd namespace=moby
Mar 10 21:09:32 mypc dockerd[353192]: time="2026-03-10T21:09:32.457169836+08:00" level=info msg=event Pid=401435 containerID=c11c47ad9f6f9bb80eb7a8fdb8a949fe6b5c56cbea96bb677f7a6e121bb6877e execID=4150cd3019e3879dd89e9c308b9903bb72207069e1e3b431a20a1b4394fd0814 module=libcontainerd namespace=moby topic=/tasks/exec-started
Mar 10 21:09:32 mypc dockerd[353200]: time="2026-03-10T21:09:32.565471540+08:00" level=info msg="exit-del moby/c11c47ad9f6f9bb80eb7a8fdb8a949fe6b5c56cbea96bb677f7a6e121bb6877e.401435.0 error=<nil>"
Mar 10 21:09:32 mypc dockerd[353192]: time="2026-03-10T21:09:32.565647244+08:00" level=info msg=event ExitStatus=0 ExitedAt="2026-03-10 13:09:32.5339249 +0000 UTC" Pid=401435 ProcessID=4150cd3019e3879dd89e9c308b9903bb72207069e1e3b431a20a1b4394fd0814 containerID=c11c47ad9f6f9bb80eb7a8fdb8a949fe6b5c56cbea96bb677f7a6e121bb6877e module=libcontainerd namespace=moby topic=/tasks/exit
Mar 10 21:09:32 mypc dockerd[353192]: time="2026-03-10T21:09:32.614347794+08:00" level=info msg="handled exit event processID=4150cd3019e3879dd89e9c308b9903bb72207069e1e3b431a20a1b4394fd0814 containerID=c11c47ad9f6f9bb80eb7a8fdb8a949fe6b5c56cbea96bb677f7a6e121bb6877e pid=401435" module=libcontainerd namespace=moby
Mar 10 21:09:32 mypc dockerd[353192]: time="2026-03-10T21:09:32.761324550+08:00" level=info msg=event Pid=401512 containerID=c11c47ad9f6f9bb80eb7a8fdb8a949fe6b5c56cbea96bb677f7a6e121bb6877e execID=91298ceee562668d088f14da7bced3a0759b1c8577836ea8396f0cad2706b40f module=libcontainerd namespace=moby topic=/tasks/exec-started
Mar 10 21:09:32 mypc dockerd[353200]: time="2026-03-10T21:09:32.821278781+08:00" level=info msg="exit-del moby/c11c47ad9f6f9bb80eb7a8fdb8a949fe6b5c56cbea96bb677f7a6e121bb6877e.401512.0 error=<nil>"
Mar 10 21:09:32 mypc dockerd[353192]: time="2026-03-10T21:09:32.822730963+08:00" level=info msg=event ExitStatus=0 ExitedAt="2026-03-10 13:09:32.766874553 +0000 UTC" Pid=401512 ProcessID=91298ceee562668d088f14da7bced3a0759b1c8577836ea8396f0cad2706b40f containerID=c11c47ad9f6f9bb80eb7a8fdb8a949fe6b5c56cbea96bb677f7a6e121bb6877e module=libcontainerd namespace=moby topic=/tasks/exit
Mar 10 21:09:32 mypc dockerd[353192]: time="2026-03-10T21:09:32.886180499+08:00" level=info msg="handled exit event processID=91298ceee562668d088f14da7bced3a0759b1c8577836ea8396f0cad2706b40f containerID=c11c47ad9f6f9bb80eb7a8fdb8a949fe6b5c56cbea96bb677f7a6e121bb6877e pid=401512" module=libcontainerd namespace=moby
